Store Name,City,County,State,Latitude,Longitude,Place Classification,Place Population,Place Store Count,"Place Stores per 10,000",Place Poverty Rate %,Place Poverty Count,County Total Population (ACS 2023),County Total Stores in County,"County Stores per 10,000",Adjusted County Density (excl. Place),Place Density > Adjusted County Density,County Poverty Rate %,County Poverty Count (ACS 2023),Place Density > County Density,Is Rural Store,Place Urban Population Share
Dollar General,Cary,Wake,NC,35.791,-78.761,"Urban (5,000+)",176287,2,0.11,0.053,9309.0,1129229,22,0.19,0.21,No,0.079316064323534,89566,No,No,0.999525
Dollar General,Cary,Wake,NC,35.772,-78.783,"Urban (5,000+)",176287,2,0.11,0.053,9309.0,1129229,22,0.19,0.21,No,0.079316064323534,89566,No,No,0.999525
Dollar General,Raleigh,Wake,NC,35.855,-78.702,"Urban (5,000+)",452191,5,0.11,0.114,51737.0,1129229,22,0.19,0.25,No,0.079316064323534,89566,No,No,0.999354
Dollar General,Raleigh,Wake,NC,35.665,-78.697,"Urban (5,000+)",452191,5,0.11,0.114,51737.0,1129229,22,0.19,0.25,No,0.079316064323534,89566,No,No,0.999354
Dollar General,Raleigh,Wake,NC,35.881,-78.647,"Urban (5,000+)",452191,5,0.11,0.114,51737.0,1129229,22,0.19,0.25,No,0.079316064323534,89566,No,No,0.999354
Dollar General,Raleigh,Wake,NC,35.906,-78.589,"Urban (5,000+)",452191,5,0.11,0.114,51737.0,1129229,22,0.19,0.25,No,0.079316064323534,89566,No,No,0.999354
Dollar General,Raleigh,Wake,NC,35.732,-78.56,"Urban (5,000+)",452191,5,0.11,0.114,51737.0,1129229,22,0.19,0.25,No,0.079316064323534,89566,No,No,0.999354
Dollar General,Winston Salem,Forsyth,NC,36.057,-80.239,"Urban (5,000+)",241272,4,0.16,0.179,43179.0,376368,13,0.35,0.67,No,0.146951919398036,55308,No,No,0.999199
Dollar General,Winston Salem,Forsyth,NC,36.078,-80.175,"Urban (5,000+)",241272,4,0.16,0.179,43179.0,376368,13,0.35,0.67,No,0.146951919398036,55308,No,No,0.999199
Dollar General,Winston Salem,Forsyth,NC,36.154,-80.214,"Urban (5,000+)",241272,4,0.16,0.179,43179.0,376368,13,0.35,0.67,No,0.146951919398036,55308,No,No,0.999199
Dollar General,Winston Salem,Forsyth,NC,36.039,-80.272,"Urban (5,000+)",241272,4,0.16,0.179,43179.0,376368,13,0.35,0.67,No,0.146951919398036,55308,No,No,0.999199
Dollar General,Huntersville,Mecklenburg,NC,35.356,-80.87,"Urban (5,000+)",62029,1,0.16,0.034,2137.0,1113265,19,0.17,0.17,No,0.104104593245993,115896,No,No,0.961891
Dollar General,Charlotte,Mecklenburg,NC,35.274,-80.938,"Urban (5,000+)",871398,15,0.17,0.117,101860.0,1113265,19,0.17,0.17,No,0.104104593245993,115896,No,No,0.999934
Dollar General,Charlotte,Mecklenburg,NC,35.162,-80.737,"Urban (5,000+)",871398,15,0.17,0.117,101860.0,1113265,19,0.17,0.17,No,0.104104593245993,115896,No,No,0.999934
Dollar General,Charlotte,Mecklenburg,NC,35.325,-80.868,"Urban (5,000+)",871398,15,0.17,0.117,101860.0,1113265,19,0.17,0.17,No,0.104104593245993,115896,No,No,0.999934
Dollar General,Charlotte,Mecklenburg,NC,35.151,-80.876,"Urban (5,000+)",871398,15,0.17,0.117,101860.0,1113265,19,0.17,0.17,No,0.104104593245993,115896,No,No,0.999934
Dollar General,Charlotte,Mecklenburg,NC,35.302,-80.801,"Urban (5,000+)",871398,15,0.17,0.117,101860.0,1113265,19,0.17,0.17,No,0.104104593245993,115896,No,No,0.999934
Dollar General,Charlotte,Mecklenburg,NC,35.283,-80.671,"Urban (5,000+)",871398,15,0.17,0.117,101860.0,1113265,19,0.17,0.17,No,0.104104593245993,115896,No,No,0.999934
Dollar General,Charlotte,Mecklenburg,NC,35.273,-80.766,"Urban (5,000+)",871398,15,0.17,0.117,101860.0,1113265,19,0.17,0.17,No,0.104104593245993,115896,No,No,0.999934
Dollar General,Charlotte,Mecklenburg,NC,35.208,-80.674,"Urban (5,000+)",871398,15,0.17,0.117,101860.0,1113265,19,0.17,0.17,No,0.104104593245993,115896,No,No,0.999934
Dollar General,Charlotte,Mecklenburg,NC,35.305,-80.937,"Urban (5,000+)",871398,15,0.17,0.117,101860.0,1113265,19,0.17,0.17,No,0.104104593245993,115896,No,No,0.999934
Dollar General,Charlotte,Mecklenburg,NC,35.201,-80.76,"Urban (5,000+)",871398,15,0.17,0.117,101860.0,1113265,19,0.17,0.17,No,0.104104593245993,115896,No,No,0.999934
Dollar General,Charlotte,Mecklenburg,NC,35.131,-80.946,"Urban (5,000+)",871398,15,0.17,0.117,101860.0,1113265,19,0.17,0.17,No,0.104104593245993,115896,No,No,0.999934
Dollar General,Charlotte,Mecklenburg,NC,35.244,-80.784,"Urban (5,000+)",871398,15,0.17,0.117,101860.0,1113265,19,0.17,0.17,No,0.104104593245993,115896,No,No,0.999934
Dollar General,Charlotte,Mecklenburg,NC,35.324,-80.902,"Urban (5,000+)",871398,15,0.17,0.117,101860.0,1113265,19,0.17,0.17,No,0.104104593245993,115896,No,No,0.999934
Dollar General,Charlotte,Mecklenburg,NC,35.312,-80.838,"Urban (5,000+)",871398,15,0.17,0.117,101860.0,1113265,19,0.17,0.17,No,0.104104593245993,115896,No,No,0.999934
Dollar General,Charlotte,Mecklenburg,NC,35.2,-80.725,"Urban (5,000+)",871398,15,0.17,0.117,101860.0,1113265,19,0.17,0.17,No,0.104104593245993,115896,No,No,0.999934
Dollar General,Wake Forest,Wake,NC,35.974,-78.51,"Urban (5,000+)",50241,1,0.21,0.029,1480.0,1129229,22,0.19,0.19,Yes,0.079316064323534,89566,Yes,No,1.000000
Dollar General,Durham,Durham,NC,35.984,-78.834,"Urban (5,000+)",278033,7,0.25,0.122,33919.0,316530,7,0.22,0.0,Yes,0.120092882191262,38013,Yes,No,0.993274
Dollar General,Durham,Durham,NC,36.032,-78.98,"Urban (5,000+)",278033,7,0.25,0.122,33919.0,316530,7,0.22,0.0,Yes,0.120092882191262,38013,Yes,No,0.993274
Dollar General,Durham,Durham,NC,36.076,-78.911,"Urban (5,000+)",278033,7,0.25,0.122,33919.0,316530,7,0.22,0.0,Yes,0.120092882191262,38013,Yes,No,0.993274
Dollar General,Durham,Durham,NC,36.06,-78.928,"Urban (5,000+)",278033,7,0.25,0.122,33919.0,316530,7,0.22,0.0,Yes,0.120092882191262,38013,Yes,No,0.993274
Dollar General,Durham,Durham,NC,36.01,-78.92,"Urban (5,000+)",278033,7,0.25,0.122,33919.0,316530,7,0.22,0.0,Yes,0.120092882191262,38013,Yes,No,0.993274
Dollar General,Durham,Durham,NC,35.93,-78.843,"Urban (5,000+)",278033,7,0.25,0.122,33919.0,316530,7,0.22,0.0,Yes,0.120092882191262,38013,Yes,No,0.993274
Dollar General,Durham,Durham,NC,35.988,-78.928,"Urban (5,000+)",278033,7,0.25,0.122,33919.0,316530,7,0.22,0.0,Yes,0.120092882191262,38013,Yes,No,0.993274
Dollar General,Concord,Cabarrus,NC,35.343,-80.644,"Urban (5,000+)",105097,4,0.38,0.086,9058.0,229228,11,0.48,0.56,No,0.089212487130717,20450,No,No,0.999221
Dollar General,Concord,Cabarrus,NC,35.383,-80.584,"Urban (5,000+)",105097,4,0.38,0.086,9058.0,229228,11,0.48,0.56,No,0.089212487130717,20450,No,No,0.999221
Dollar General,Concord,Cabarrus,NC,35.413,-80.639,"Urban (5,000+)",105097,4,0.38,0.086,9058.0,229228,11,0.48,0.56,No,0.089212487130717,20450,No,No,0.999221
Dollar General,Concord,Cabarrus,NC,35.358,-80.571,"Urban (5,000+)",105097,4,0.38,0.086,9058.0,229228,11,0.48,0.56,No,0.089212487130717,20450,No,No,0.999221
Dollar General,Clayton,Johnston,NC,35.656,-78.477,"Urban (5,000+)",27784,1,0.42,0.08,2236.0,223985,19,0.85,0.92,No,0.11190481505458,25065,No,No,0.994184
Dollar General,Asheville,Buncombe,NC,35.603,-82.623,"Urban (5,000+)",91154,4,0.43,0.146,13346.0,265007,16,0.6,0.69,No,0.11774028610565,31202,No,No,0.999937
Dollar General,Asheville,Buncombe,NC,35.621,-82.654,"Urban (5,000+)",91154,4,0.43,0.146,13346.0,265007,16,0.6,0.69,No,0.11774028610565,31202,No,No,0.999937
Dollar General,Asheville,Buncombe,NC,35.576,-82.519,"Urban (5,000+)",91154,4,0.43,0.146,13346.0,265007,16,0.6,0.69,No,0.11774028610565,31202,No,No,0.999937
Dollar General,Asheville,Buncombe,NC,35.67,-82.584,"Urban (5,000+)",91154,4,0.43,0.146,13346.0,265007,16,0.6,0.69,No,0.11774028610565,31202,No,No,0.999937
Dollar General,High Point,Guilford,NC,36.028,-79.962,"Urban (5,000+)",108285,5,0.43,0.147,15912.0,519697,35,0.67,0.73,No,0.152219466342888,79108,No,No,0.996221
Dollar General,High Point,Guilford,NC,35.921,-79.978,"Urban (5,000+)",108285,5,0.43,0.147,15912.0,519697,35,0.67,0.73,No,0.152219466342888,79108,No,No,0.996221
Dollar General,High Point,Guilford,NC,35.96,-79.998,"Urban (5,000+)",108285,5,0.43,0.147,15912.0,519697,35,0.67,0.73,No,0.152219466342888,79108,No,No,0.996221
Dollar General,High Point,Guilford,NC,35.946,-80.004,"Urban (5,000+)",108285,5,0.43,0.147,15912.0,519697,35,0.67,0.73,No,0.152219466342888,79108,No,No,0.996221
Dollar General,High Point,Guilford,NC,35.95,-80.032,"Urban (5,000+)",108285,5,0.43,0.147,15912.0,519697,35,0.67,0.73,No,0.152219466342888,79108,No,No,0.996221
Dollar General,Carrboro,Orange,NC,35.916,-79.096,"Urban (5,000+)",21101,1,0.45,0.113,2376.0,135916,3,0.22,0.17,Yes,0.124282645163189,16892,Yes,No,0.996807
Dollar General,Waxhaw,Union,NC,34.933,-80.751,"Urban (5,000+)",21493,1,0.49,0.043,931.0,241896,12,0.5,0.5,No,0.0766031683037338,18530,No,No,0.798773
Dollar General,Greensboro,Guilford,NC,36.047,-79.8,"Urban (5,000+)",282758,16,0.54,0.184,52052.0,519697,35,0.67,0.8,No,0.152219466342888,79108,No,No,0.997606
Dollar General,Greensboro,Guilford,NC,36.115,-79.777,"Urban (5,000+)",282758,16,0.54,0.184,52052.0,519697,35,0.67,0.8,No,0.152219466342888,79108,No,No,0.997606
Dollar General,Greensboro,Guilford,NC,36.219,-79.787,"Urban (5,000+)",282758,16,0.54,0.184,52052.0,519697,35,0.67,0.8,No,0.152219466342888,79108,No,No,0.997606
Dollar General,Greensboro,Guilford,NC,36.127,-79.904,"Urban (5,000+)",282758,16,0.54,0.184,52052.0,519697,35,0.67,0.8,No,0.152219466342888,79108,No,No,0.997606
Dollar General,Greensboro,Guilford,NC,36.069,-79.823,"Urban (5,000+)",282758,16,0.54,0.184,52052.0,519697,35,0.67,0.8,No,0.152219466342888,79108,No,No,0.997606
Dollar General,Greensboro,Guilford,NC,36.009,-79.804,"Urban (5,000+)",282758,16,0.54,0.184,52052.0,519697,35,0.67,0.8,No,0.152219466342888,79108,No,No,0.997606
Dollar General,Greensboro,Guilford,NC,36.068,-79.873,"Urban (5,000+)",282758,16,0.54,0.184,52052.0,519697,35,0.67,0.8,No,0.152219466342888,79108,No,No,0.997606
Dollar General,Greensboro,Guilford,NC,35.984,-79.801,"Urban (5,000+)",282758,16,0.54,0.184,52052.0,519697,35,0.67,0.8,No,0.152219466342888,79108,No,No,0.997606
Dollar General,Greensboro,Guilford,NC,36.097,-79.75,"Urban (5,000+)",282758,16,0.54,0.184,52052.0,519697,35,0.67,0.8,No,0.152219466342888,79108,No,No,0.997606
Dollar General,Greensboro,Guilford,NC,36.152,-79.709,"Urban (5,000+)",282758,16,0.54,0.184,52052.0,519697,35,0.67,0.8,No,0.152219466342888,79108,No,No,0.997606
Dollar General,Greensboro,Guilford,NC,35.974,-79.712,"Urban (5,000+)",282758,16,0.54,0.184,52052.0,519697,35,0.67,0.8,No,0.152219466342888,79108,No,No,0.997606
Dollar General,Greensboro,Guilford,NC,36.029,-79.769,"Urban (5,000+)",282758,16,0.54,0.184,52052.0,519697,35,0.67,0.8,No,0.152219466342888,79108,No,No,0.997606
Dollar General,Greensboro,Guilford,NC,36.088,-79.712,"Urban (5,000+)",282758,16,0.54,0.184,52052.0,519697,35,0.67,0.8,No,0.152219466342888,79108,No,No,0.997606
Dollar General,Greensboro,Guilford,NC,36.049,-79.731,"Urban (5,000+)",282758,16,0.54,0.184,52052.0,519697,35,0.67,0.8,No,0.152219466342888,79108,No,No,0.997606
Dollar General,Greensboro,Guilford,NC,36.02,-79.865,"Urban (5,000+)",282758,16,0.54,0.184,52052.0,519697,35,0.67,0.8,No,0.152219466342888,79108,No,No,0.997606
Dollar General,Greensboro,Guilford,NC,36.14,-79.777,"Urban (5,000+)",282758,16,0.54,0.184,52052.0,519697,35,0.67,0.8,No,0.152219466342888,79108,No,No,0.997606
Dollar General,Knightdale,Wake,NC,35.8,-78.49,"Urban (5,000+)",19436,1,0.54,0.058,1129.0,1129229,22,0.19,0.19,Yes,0.079316064323534,89566,Yes,No,0.999331
Dollar General,Garner,Wake,NC,35.581,-78.547,"Urban (5,000+)",32224,2,0.6,0.073,2342.0,1129229,22,0.19,0.18,Yes,0.079316064323534,89566,Yes,No,0.995314
Dollar General,Garner,Wake,NC,35.629,-78.611,"Urban (5,000+)",32224,2,0.6,0.073,2342.0,1129229,22,0.19,0.18,Yes,0.079316064323534,89566,Yes,No,0.995314
Dollar General,Mount Holly,Gaston,NC,35.305,-81.03,"Urban (5,000+)",17892,1,0.61,0.082,1460.0,227676,22,0.97,1.0,No,0.127611166745726,29054,No,No,0.995199
Dollar General,Stallings,Union,NC,35.085,-80.697,"Urban (5,000+)",16486,1,0.62,0.037,608.0,241896,12,0.5,0.49,Yes,0.0766031683037338,18530,Yes,No,1.000000
Dollar General,Mint Hill,Mecklenburg,NC,35.18,-80.646,"Urban (5,000+)",26895,2,0.65,0.087,2341.0,1113265,19,0.17,0.16,Yes,0.104104593245993,115896,Yes,No,0.983138
Dollar General,Mint Hill,Mecklenburg,NC,35.188,-80.688,"Urban (5,000+)",26895,2,0.65,0.087,2341.0,1113265,19,0.17,0.16,Yes,0.104104593245993,115896,Yes,No,0.983138
Dollar General,Southern Pines,Moore,NC,35.163,-79.41,"Urban (5,000+)",15611,1,0.67,0.1,1566.0,101170,15,1.48,1.64,No,0.0996046258772363,10077,No,No,0.945449
Dollar General,Fuquay Varina,Wake,NC,35.563,-78.869,"Urban (5,000+)",37438,3,0.77,0.088,3311.0,1129229,22,0.19,0.17,Yes,0.079316064323534,89566,Yes,No,0.993851
Dollar General,Fuquay Varina,Wake,NC,35.511,-78.814,"Urban (5,000+)",37438,3,0.77,0.088,3311.0,1129229,22,0.19,0.17,Yes,0.079316064323534,89566,Yes,No,0.993851
Dollar General,Fuquay Varina,Wake,NC,35.589,-78.788,"Urban (5,000+)",37438,3,0.77,0.088,3311.0,1129229,22,0.19,0.17,Yes,0.079316064323534,89566,Yes,No,0.993851
Dollar General,Fayetteville,Cumberland,NC,35.06,-79.049,"Urban (5,000+)",193179,20,0.94,0.181,34959.0,318188,28,0.88,0.64,Yes,0.172206368561982,54794,Yes,No,0.989401
Dollar General,Fayetteville,Cumberland,NC,35.016,-79.009,"Urban (5,000+)",193179,20,0.94,0.181,34959.0,318188,28,0.88,0.64,Yes,0.172206368561982,54794,Yes,No,0.989401
Dollar General,Fayetteville,Cumberland,NC,34.9,-78.854,"Urban (5,000+)",193179,20,0.94,0.181,34959.0,318188,28,0.88,0.64,Yes,0.172206368561982,54794,Yes,No,0.989401
Dollar General,Fayetteville,Cumberland,NC,35.177,-78.857,"Urban (5,000+)",193179,20,0.94,0.181,34959.0,318188,28,0.88,0.64,Yes,0.172206368561982,54794,Yes,No,0.989401
Dollar General,Fayetteville,Cumberland,NC,35.007,-78.966,"Urban (5,000+)",193179,20,0.94,0.181,34959.0,318188,28,0.88,0.64,Yes,0.172206368561982,54794,Yes,No,0.989401
Dollar General,Fayetteville,Cumberland,NC,35.102,-78.993,"Urban (5,000+)",193179,20,0.94,0.181,34959.0,318188,28,0.88,0.64,Yes,0.172206368561982,54794,Yes,No,0.989401
Dollar General,Fayetteville,Cumberland,NC,35.034,-79.017,"Urban (5,000+)",193179,20,0.94,0.181,34959.0,318188,28,0.88,0.64,Yes,0.172206368561982,54794,Yes,No,0.989401
Dollar General,Fayetteville,Cumberland,NC,35.109,-78.927,"Urban (5,000+)",193179,20,0.94,0.181,34959.0,318188,28,0.88,0.64,Yes,0.172206368561982,54794,Yes,No,0.989401
Dollar General,Fayetteville,Cumberland,NC,35.095,-78.784,"Urban (5,000+)",193179,20,0.94,0.181,34959.0,318188,28,0.88,0.64,Yes,0.172206368561982,54794,Yes,No,0.989401
Dollar General,Fayetteville,Cumberland,NC,35.004,-78.814,"Urban (5,000+)",193179,20,0.94,0.181,34959.0,318188,28,0.88,0.64,Yes,0.172206368561982,54794,Yes,No,0.989401
Dollar General,Fayetteville,Cumberland,NC,34.951,-78.752,"Urban (5,000+)",193179,20,0.94,0.181,34959.0,318188,28,0.88,0.64,Yes,0.172206368561982,54794,Yes,No,0.989401
Dollar General,Fayetteville,Cumberland,NC,35.046,-78.855,"Urban (5,000+)",193179,20,0.94,0.181,34959.0,318188,28,0.88,0.64,Yes,0.172206368561982,54794,Yes,No,0.989401
Dollar General,Fayetteville,Cumberland,NC,35.035,-78.776,"Urban (5,000+)",193179,20,0.94,0.181,34959.0,318188,28,0.88,0.64,Yes,0.172206368561982,54794,Yes,No,0.989401
Dollar General,Fayetteville,Cumberland,NC,35.089,-78.925,"Urban (5,000+)",193179,20,0.94,0.181,34959.0,318188,28,0.88,0.64,Yes,0.172206368561982,54794,Yes,No,0.989401
Dollar General,Fayetteville,Cumberland,NC,35.075,-78.88,"Urban (5,000+)",193179,20,0.94,0.181,34959.0,318188,28,0.88,0.64,Yes,0.172206368561982,54794,Yes,No,0.989401
Dollar General,Fayetteville,Cumberland,NC,35.033,-78.846,"Urban (5,000+)",193179,20,0.94,0.181,34959.0,318188,28,0.88,0.64,Yes,0.172206368561982,54794,Yes,No,0.989401
Dollar General,Fayetteville,Cumberland,NC,35.151,-78.914,"Urban (5,000+)",193179,20,0.94,0.181,34959.0,318188,28,0.88,0.64,Yes,0.172206368561982,54794,Yes,No,0.989401
Dollar General,Fayetteville,Cumberland,NC,35.062,-79.013,"Urban (5,000+)",193179,20,0.94,0.181,34959.0,318188,28,0.88,0.64,Yes,0.172206368561982,54794,Yes,No,0.989401
Dollar General,Fayetteville,Cumberland,NC,35.093,-79.011,"Urban (5,000+)",193179,20,0.94,0.181,34959.0,318188,28,0.88,0.64,Yes,0.172206368561982,54794,Yes,No,0.989401
Dollar General,Fayetteville,Cumberland,NC,35.083,-78.988,"Urban (5,000+)",193179,20,0.94,0.181,34959.0,318188,28,0.88,0.64,Yes,0.172206368561982,54794,Yes,No,0.989401
Dollar General,Jacksonville,Onslow,NC,34.781,-77.424,"Urban (5,000+)",53682,7,0.95,0.135,7265.0,186008,17,0.91,0.76,Yes,0.117167003569739,21794,Yes,No,0.965499
Dollar General,Jacksonville,Onslow,NC,34.739,-77.507,"Urban (5,000+)",53682,7,0.95,0.135,7265.0,186008,17,0.91,0.76,Yes,0.117167003569739,21794,Yes,No,0.965499
Dollar General,Jacksonville,Onslow,NC,34.814,-77.454,"Urban (5,000+)",53682,7,0.95,0.135,7265.0,186008,17,0.91,0.76,Yes,0.117167003569739,21794,Yes,No,0.965499
Dollar General,Jacksonville,Onslow,NC,34.814,-77.513,"Urban (5,000+)",53682,7,0.95,0.135,7265.0,186008,17,0.91,0.76,Yes,0.117167003569739,21794,Yes,No,0.965499
Dollar General,Jacksonville,Onslow,NC,34.752,-77.413,"Urban (5,000+)",53682,7,0.95,0.135,7265.0,186008,17,0.91,0.76,Yes,0.117167003569739,21794,Yes,No,0.965499
Dollar General,Jacksonville,Onslow,NC,34.765,-77.489,"Urban (5,000+)",53682,7,0.95,0.135,7265.0,186008,17,0.91,0.76,Yes,0.117167003569739,21794,Yes,No,0.965499
Dollar General,Jacksonville,Onslow,NC,34.758,-77.333,"Urban (5,000+)",53682,7,0.95,0.135,7265.0,186008,17,0.91,0.76,Yes,0.117167003569739,21794,Yes,No,0.965499
Dollar General,Clemmons,Forsyth,NC,35.953,-80.303,"Urban (5,000+)",21410,2,0.95,0.079,1690.0,376368,13,0.35,0.31,Yes,0.146951919398036,55308,Yes,No,0.999149
Dollar General,Clemmons,Forsyth,NC,36.076,-80.392,"Urban (5,000+)",21410,2,0.95,0.079,1690.0,376368,13,0.35,0.31,Yes,0.146951919398036,55308,Yes,No,0.999149
Dollar General,Wilmington,New Hanover,NC,34.24,-77.891,"Urban (5,000+)",114456,12,0.97,0.163,18638.0,225457,14,0.62,0.18,Yes,0.123708733816204,27891,Yes,No,0.999203
Dollar General,Wilmington,New Hanover,NC,34.261,-77.834,"Urban (5,000+)",114456,12,0.97,0.163,18638.0,225457,14,0.62,0.18,Yes,0.123708733816204,27891,Yes,No,0.999203
Dollar General,Wilmington,New Hanover,NC,34.2,-77.872,"Urban (5,000+)",114456,12,0.97,0.163,18638.0,225457,14,0.62,0.18,Yes,0.123708733816204,27891,Yes,No,0.999203
Dollar General,Wilmington,New Hanover,NC,34.224,-77.942,"Urban (5,000+)",114456,12,0.97,0.163,18638.0,225457,14,0.62,0.18,Yes,0.123708733816204,27891,Yes,No,0.999203
Dollar General,Wilmington,New Hanover,NC,34.177,-77.893,"Urban (5,000+)",114456,12,0.97,0.163,18638.0,225457,14,0.62,0.18,Yes,0.123708733816204,27891,Yes,No,0.999203
Dollar General,Wilmington,New Hanover,NC,34.208,-77.852,"Urban (5,000+)",114456,12,0.97,0.163,18638.0,225457,14,0.62,0.18,Yes,0.123708733816204,27891,Yes,No,0.999203
Dollar General,Wilmington,New Hanover,NC,34.293,-77.872,"Urban (5,000+)",114456,12,0.97,0.163,18638.0,225457,14,0.62,0.18,Yes,0.123708733816204,27891,Yes,No,0.999203
Dollar General,Wilmington,New Hanover,NC,34.238,-77.95,"Urban (5,000+)",114456,12,0.97,0.163,18638.0,225457,14,0.62,0.18,Yes,0.123708733816204,27891,Yes,No,0.999203
Dollar General,Wilmington,New Hanover,NC,34.194,-77.937,"Urban (5,000+)",114456,12,0.97,0.163,18638.0,225457,14,0.62,0.18,Yes,0.123708733816204,27891,Yes,No,0.999203
Dollar General,Wilmington,New Hanover,NC,34.181,-77.929,"Urban (5,000+)",114456,12,0.97,0.163,18638.0,225457,14,0.62,0.18,Yes,0.123708733816204,27891,Yes,No,0.999203
Dollar General,Wilmington,New Hanover,NC,34.115,-77.901,"Urban (5,000+)",114456,12,0.97,0.163,18638.0,225457,14,0.62,0.18,Yes,0.123708733816204,27891,Yes,No,0.999203
Dollar General,Wilmington,New Hanover,NC,34.287,-77.921,"Urban (5,000+)",114456,12,0.97,0.163,18638.0,225457,14,0.62,0.18,Yes,0.123708733816204,27891,Yes,No,0.999203
Dollar General,Arden,Buncombe,NC,35.443,-82.573,"Urban (5,000+)",9800,1,1.02,,,265007,16,0.6,0.59,Yes,0.11774028610565,31202,Yes,No,
Dollar General,Morehead City,Carteret,NC,34.727,-76.744,"Urban (5,000+)",9529,1,1.04,0.174,1655.0,67511,15,2.22,2.41,No,0.100442890788168,6781,No,No,0.999791
Dollar General,Leland,Brunswick,NC,34.285,-78.139,"Urban (5,000+)",26212,3,1.08,0.058,1520.0,144672,22,1.52,1.6,No,0.0937983853129839,13570,No,No,0.967784
Dollar General,Leland,Brunswick,NC,34.26,-78.055,"Urban (5,000+)",26212,3,1.08,0.058,1520.0,144672,22,1.52,1.6,No,0.0937983853129839,13570,No,No,0.967784
Dollar General,Leland,Brunswick,NC,34.235,-77.996,"Urban (5,000+)",26212,3,1.08,0.058,1520.0,144672,22,1.52,1.6,No,0.0937983853129839,13570,No,No,0.967784
Dollar General,Rolesville,Wake,NC,35.917,-78.466,"Urban (5,000+)",10200,1,1.08,0.009,89.0,1129229,22,0.19,0.19,Yes,0.079316064323534,89566,Yes,No,0.988813
Dollar General,Pineville,Mecklenburg,NC,35.082,-80.886,"Urban (5,000+)",10682,1,1.09,0.14,1493.0,1113265,19,0.17,0.16,Yes,0.104104593245993,115896,Yes,No,1.000000
Dollar General,Kannapolis,Cabarrus,NC,35.473,-80.624,"Urban (5,000+)",56173,6,1.14,0.122,6833.0,229228,11,0.48,0.29,Yes,0.089212487130717,20450,Yes,No,0.977689
Dollar General,Kannapolis,Cabarrus,NC,35.5,-80.61,"Urban (5,000+)",56173,6,1.14,0.122,6833.0,229228,11,0.48,0.29,Yes,0.089212487130717,20450,Yes,No,0.977689
Dollar General,Kannapolis,Cabarrus,NC,35.539,-80.603,"Urban (5,000+)",56173,6,1.14,0.122,6833.0,229228,11,0.48,0.29,Yes,0.089212487130717,20450,Yes,No,0.977689
Dollar General,Kannapolis,Cabarrus,NC,35.515,-80.672,"Urban (5,000+)",56173,6,1.14,0.122,6833.0,229228,11,0.48,0.29,Yes,0.089212487130717,20450,Yes,No,0.977689
Dollar General,Kannapolis,Cabarrus,NC,35.501,-80.579,"Urban (5,000+)",56173,6,1.14,0.122,6833.0,229228,11,0.48,0.29,Yes,0.089212487130717,20450,Yes,No,0.977689
Dollar General,Kannapolis,Cabarrus,NC,35.45,-80.606,"Urban (5,000+)",56173,6,1.14,0.122,6833.0,229228,11,0.48,0.29,Yes,0.089212487130717,20450,Yes,No,0.977689
Dollar General,Wendell,Wake,NC,35.792,-78.378,"Urban (5,000+)",11558,1,1.15,0.042,491.0,1129229,22,0.19,0.19,Yes,0.079316064323534,89566,Yes,No,0.983253
Dollar General,Kernersville,Forsyth,NC,36.114,-80.021,"Urban (5,000+)",27207,3,1.2,0.115,3137.0,376368,13,0.35,0.29,Yes,0.146951919398036,55308,Yes,No,0.974744
Dollar General,Kernersville,Forsyth,NC,36.083,-80.065,"Urban (5,000+)",27207,3,1.2,0.115,3137.0,376368,13,0.35,0.29,Yes,0.146951919398036,55308,Yes,No,0.974744
Dollar General,Kernersville,Forsyth,NC,36.129,-80.065,"Urban (5,000+)",27207,3,1.2,0.115,3137.0,376368,13,0.35,0.29,Yes,0.146951919398036,55308,Yes,No,0.974744
Dollar General,Oak Island,Brunswick,NC,33.913,-78.115,"Urban (5,000+)",8866,1,1.2,0.097,864.0,144672,22,1.52,1.55,No,0.0937983853129839,13570,No,No,0.985707
Dollar General,Wilson,Wilson,NC,35.716,-77.934,"Urban (5,000+)",46449,6,1.23,0.251,11640.0,77254,12,1.55,1.95,No,0.210034431874078,16226,No,No,0.995298
Dollar General,Wilson,Wilson,NC,35.754,-77.917,"Urban (5,000+)",46449,6,1.23,0.251,11640.0,77254,12,1.55,1.95,No,0.210034431874078,16226,No,No,0.995298
Dollar General,Wilson,Wilson,NC,35.73,-77.953,"Urban (5,000+)",46449,6,1.23,0.251,11640.0,77254,12,1.55,1.95,No,0.210034431874078,16226,No,No,0.995298
Dollar General,Wilson,Wilson,NC,35.713,-77.897,"Urban (5,000+)",46449,6,1.23,0.251,11640.0,77254,12,1.55,1.95,No,0.210034431874078,16226,No,No,0.995298
Dollar General,Wilson,Wilson,NC,35.732,-77.892,"Urban (5,000+)",46449,6,1.23,0.251,11640.0,77254,12,1.55,1.95,No,0.210034431874078,16226,No,No,0.995298
Dollar General,Wilson,Wilson,NC,35.783,-77.951,"Urban (5,000+)",46449,6,1.23,0.251,11640.0,77254,12,1.55,1.95,No,0.210034431874078,16226,No,No,0.995298
Dollar General,Gastonia,Gaston,NC,35.251,-81.176,"Urban (5,000+)",79589,10,1.24,0.143,11366.0,227676,22,0.97,0.81,Yes,0.127611166745726,29054,Yes,No,0.996742
Dollar General,Gastonia,Gaston,NC,35.242,-81.134,"Urban (5,000+)",79589,10,1.24,0.143,11366.0,227676,22,0.97,0.81,Yes,0.127611166745726,29054,Yes,No,0.996742
Dollar General,Gastonia,Gaston,NC,35.243,-81.223,"Urban (5,000+)",79589,10,1.24,0.143,11366.0,227676,22,0.97,0.81,Yes,0.127611166745726,29054,Yes,No,0.996742
Dollar General,Gastonia,Gaston,NC,35.214,-81.167,"Urban (5,000+)",79589,10,1.24,0.143,11366.0,227676,22,0.97,0.81,Yes,0.127611166745726,29054,Yes,No,0.996742
Dollar General,Gastonia,Gaston,NC,35.221,-81.09,"Urban (5,000+)",79589,10,1.24,0.143,11366.0,227676,22,0.97,0.81,Yes,0.127611166745726,29054,Yes,No,0.996742
Dollar General,Gastonia,Gaston,NC,35.264,-81.174,"Urban (5,000+)",79589,10,1.24,0.143,11366.0,227676,22,0.97,0.81,Yes,0.127611166745726,29054,Yes,No,0.996742
Dollar General,Gastonia,Gaston,NC,35.259,-81.255,"Urban (5,000+)",79589,10,1.24,0.143,11366.0,227676,22,0.97,0.81,Yes,0.127611166745726,29054,Yes,No,0.996742
Dollar General,Gastonia,Gaston,NC,35.279,-81.06,"Urban (5,000+)",79589,10,1.24,0.143,11366.0,227676,22,0.97,0.81,Yes,0.127611166745726,29054,Yes,No,0.996742
Dollar General,Gastonia,Gaston,NC,35.268,-81.135,"Urban (5,000+)",79589,10,1.24,0.143,11366.0,227676,22,0.97,0.81,Yes,0.127611166745726,29054,Yes,No,0.996742
Dollar General,Gastonia,Gaston,NC,35.154,-81.094,"Urban (5,000+)",79589,10,1.24,0.143,11366.0,227676,22,0.97,0.81,Yes,0.127611166745726,29054,Yes,No,0.996742
Dollar General,Mooresville,Iredell,NC,35.623,-80.827,"Urban (5,000+)",50984,6,1.27,0.076,3892.0,189857,21,1.11,1.08,Yes,0.0909684657400043,17271,Yes,No,0.997310
Dollar General,Mooresville,Iredell,NC,35.586,-80.803,"Urban (5,000+)",50984,6,1.27,0.076,3892.0,189857,21,1.11,1.08,Yes,0.0909684657400043,17271,Yes,No,0.997310
Dollar General,Mooresville,Iredell,NC,35.598,-80.763,"Urban (5,000+)",50984,6,1.27,0.076,3892.0,189857,21,1.11,1.08,Yes,0.0909684657400043,17271,Yes,No,0.997310
Dollar General,Mooresville,Iredell,NC,35.588,-80.83,"Urban (5,000+)",50984,6,1.27,0.076,3892.0,189857,21,1.11,1.08,Yes,0.0909684657400043,17271,Yes,No,0.997310
Dollar General,Mooresville,Iredell,NC,35.572,-80.68,"Urban (5,000+)",50984,6,1.27,0.076,3892.0,189857,21,1.11,1.08,Yes,0.0909684657400043,17271,Yes,No,0.997310
Dollar General,Mooresville,Iredell,NC,35.535,-80.801,"Urban (5,000+)",50984,6,1.27,0.076,3892.0,189857,21,1.11,1.08,Yes,0.0909684657400043,17271,Yes,No,0.997310
Dollar General,Greenville,Pitt,NC,35.563,-77.348,"Urban (5,000+)",83193,12,1.28,0.245,20353.0,166082,23,1.38,1.33,No,0.194030659553714,32225,No,No,0.986289
Dollar General,Greenville,Pitt,NC,35.656,-77.407,"Urban (5,000+)",83193,12,1.28,0.245,20353.0,166082,23,1.38,1.33,No,0.194030659553714,32225,No,No,0.986289
Dollar General,Greenville,Pitt,NC,35.604,-77.344,"Urban (5,000+)",83193,12,1.28,0.245,20353.0,166082,23,1.38,1.33,No,0.194030659553714,32225,No,No,0.986289
Dollar General,Greenville,Pitt,NC,35.606,-77.43,"Urban (5,000+)",83193,12,1.28,0.245,20353.0,166082,23,1.38,1.33,No,0.194030659553714,32225,No,No,0.986289
Dollar General,Greenville,Pitt,NC,35.605,-77.483,"Urban (5,000+)",83193,12,1.28,0.245,20353.0,166082,23,1.38,1.33,No,0.194030659553714,32225,No,No,0.986289
Dollar General,Greenville,Pitt,NC,35.63,-77.329,"Urban (5,000+)",83193,12,1.28,0.245,20353.0,166082,23,1.38,1.33,No,0.194030659553714,32225,No,No,0.986289
Dollar General,Greenville,Pitt,NC,35.6,-77.37,"Urban (5,000+)",83193,12,1.28,0.245,20353.0,166082,23,1.38,1.33,No,0.194030659553714,32225,No,No,0.986289
Dollar General,Greenville,Pitt,NC,35.708,-77.464,"Urban (5,000+)",83193,12,1.28,0.245,20353.0,166082,23,1.38,1.33,No,0.194030659553714,32225,No,No,0.986289
Dollar General,Greenville,Pitt,NC,35.465,-77.275,"Urban (5,000+)",83193,12,1.28,0.245,20353.0,166082,23,1.38,1.33,No,0.194030659553714,32225,No,No,0.986289
Dollar General,Greenville,Pitt,NC,35.633,-77.377,"Urban (5,000+)",83193,12,1.28,0.245,20353.0,166082,23,1.38,1.33,No,0.194030659553714,32225,No,No,0.986289
Dollar General,Greenville,Pitt,NC,35.605,-77.384,"Urban (5,000+)",83193,12,1.28,0.245,20353.0,166082,23,1.38,1.33,No,0.194030659553714,32225,No,No,0.986289
Dollar General,Greenville,Pitt,NC,35.583,-77.29,"Urban (5,000+)",83193,12,1.28,0.245,20353.0,166082,23,1.38,1.33,No,0.194030659553714,32225,No,No,0.986289
Dollar General,Butner,Granville,NC,36.135,-78.758,"Urban (5,000+)",7884,1,1.32,0.155,1223.0,57048,9,1.58,1.63,No,0.14058336839153,8020,No,No,0.270930
Dollar General,Browns Summit,Guilford,NC,36.213,-79.714,"Urban (5,000+)",7500,1,1.33,,,519697,35,0.67,0.66,Yes,0.152219466342888,79108,Yes,No,
Dollar General,Hampstead,Pender,NC,34.417,-77.65,"Urban (5,000+)",9129,1,1.35,0.101,922.0,62106,8,1.29,1.32,Yes,0.106930087270151,6641,Yes,No,0.702537
Dollar General,Spring Lake,Cumberland,NC,35.284,-78.984,"Urban (5,000+)",10800,2,1.4,0.209,2255.0,318188,28,0.88,0.85,Yes,0.172206368561982,54794,Yes,No,0.978388
Dollar General,Spring Lake,Cumberland,NC,35.231,-78.935,"Urban (5,000+)",10800,2,1.4,0.209,2255.0,318188,28,0.88,0.85,Yes,0.172206368561982,54794,Yes,No,0.978388
Dollar General,Mills River,Henderson,NC,35.383,-82.571,"Urban (5,000+)",7178,1,1.42,0.02,144.0,115963,11,0.95,0.92,Yes,0.11672688702431,13536,Yes,No,0.365923
Dollar General,Boone,Watauga,NC,36.272,-81.651,"Urban (5,000+)",13743,3,1.49,0.521,7156.0,48636,6,1.23,0.86,Yes,0.246833621185953,12005,Yes,No,0.995234
Dollar General,Boone,Watauga,NC,36.157,-81.772,"Urban (5,000+)",13743,3,1.49,0.521,7156.0,48636,6,1.23,0.86,Yes,0.246833621185953,12005,Yes,No,0.995234
Dollar General,Boone,Watauga,NC,36.217,-81.664,"Urban (5,000+)",13743,3,1.49,0.521,7156.0,48636,6,1.23,0.86,Yes,0.246833621185953,12005,Yes,No,0.995234
Dollar General,Havelock,Craven,NC,34.847,-76.76,"Urban (5,000+)",13306,3,1.52,0.134,1789.0,96136,15,1.56,1.45,Yes,0.139053008238329,13368,No,No,0.978762
Dollar General,Havelock,Craven,NC,34.858,-76.895,"Urban (5,000+)",13306,3,1.52,0.134,1789.0,96136,15,1.56,1.45,Yes,0.139053008238329,13368,No,No,0.978762
Dollar General,Havelock,Craven,NC,34.907,-76.936,"Urban (5,000+)",13306,3,1.52,0.134,1789.0,96136,15,1.56,1.45,Yes,0.139053008238329,13368,No,No,0.978762
Dollar General,Carolina Beach,New Hanover,NC,34.045,-77.898,"Urban (5,000+)",6665,1,1.52,0.084,562.0,225457,14,0.62,0.59,Yes,0.123708733816204,27891,Yes,No,1.000000
Dollar General,Midway Park,Onslow,NC,34.73,-77.32,"Urban (5,000+)",6500,1,1.54,,,186008,17,0.91,0.89,Yes,0.117167003569739,21794,Yes,No,
Dollar General,Moyock,Currituck,NC,36.528,-76.183,"Urban (5,000+)",5669,1,1.56,0.068,388.0,29434,6,2.04,2.1,No,0.0763742610586397,2248,No,No,0.000000
Dollar General,Smithfield,Johnston,NC,35.499,-78.35,"Urban (5,000+)",10848,2,1.58,0.314,3410.0,223985,19,0.85,0.8,Yes,0.11190481505458,25065,Yes,No,0.963071
Dollar General,Smithfield,Johnston,NC,35.515,-78.355,"Urban (5,000+)",10848,2,1.58,0.314,3410.0,223985,19,0.85,0.8,Yes,0.11190481505458,25065,Yes,No,0.963071
Dollar General,Elon,Alamance,NC,36.179,-79.508,"Urban (5,000+)",7455,2,1.67,0.225,1681.0,169230,26,1.54,1.48,Yes,0.141482006736394,23943,Yes,No,0.984562
Dollar General,Elon,Alamance,NC,36.114,-79.479,"Urban (5,000+)",7455,2,1.67,0.225,1681.0,169230,26,1.54,1.48,Yes,0.141482006736394,23943,Yes,No,0.984562
Dollar General,Angier,Harnett,NC,35.515,-78.742,"Urban (5,000+)",5709,1,1.69,0.077,439.0,133246,11,0.83,0.78,Yes,0.145355207661018,19368,Yes,No,0.122887
Dollar General,Archdale,Randolph,NC,35.9,-79.947,"Urban (5,000+)",11824,2,1.7,0.063,739.0,143617,20,1.39,1.37,Yes,0.147649651503652,21205,Yes,No,0.982363
Dollar General,Archdale,Randolph,NC,35.872,-79.907,"Urban (5,000+)",11824,2,1.7,0.063,739.0,143617,20,1.39,1.37,Yes,0.147649651503652,21205,Yes,No,0.982363
Dollar General,Hope Mills,Cumberland,NC,34.992,-78.924,"Urban (5,000+)",17346,3,1.73,0.15,2610.0,318188,28,0.88,0.83,Yes,0.172206368561982,54794,Yes,No,0.994104
Dollar General,Hope Mills,Cumberland,NC,34.931,-78.916,"Urban (5,000+)",17346,3,1.73,0.15,2610.0,318188,28,0.88,0.83,Yes,0.172206368561982,54794,Yes,No,0.994104
Dollar General,Hope Mills,Cumberland,NC,34.963,-78.942,"Urban (5,000+)",17346,3,1.73,0.15,2610.0,318188,28,0.88,0.83,Yes,0.172206368561982,54794,Yes,No,0.994104
Dollar General,Summerfield,Guilford,NC,36.26,-79.869,"Urban (5,000+)",11028,2,1.76,0.077,854.0,519697,35,0.67,0.65,Yes,0.152219466342888,79108,Yes,No,0.185280
Dollar General,Summerfield,Guilford,NC,36.192,-79.892,"Urban (5,000+)",11028,2,1.76,0.077,854.0,519697,35,0.67,0.65,Yes,0.152219466342888,79108,Yes,No,0.185280
Dollar General,Pfafftown,Forsyth,NC,36.155,-80.359,"Urban (5,000+)",5600,1,1.79,,,376368,13,0.35,0.32,Yes,0.146951919398036,55308,Yes,No,
Dollar General,Leicester,Buncombe,NC,35.658,-82.726,"Urban (5,000+)",5500,1,1.82,,,265007,16,0.6,0.58,Yes,0.11774028610565,31202,Yes,No,
Dollar General,Burlington,Alamance,NC,36.067,-79.431,"Urban (5,000+)",58188,11,1.92,0.18,10461.0,169230,26,1.54,1.35,Yes,0.141482006736394,23943,Yes,No,0.999250
Dollar General,Burlington,Alamance,NC,36.093,-79.402,"Urban (5,000+)",58188,11,1.92,0.18,10461.0,169230,26,1.54,1.35,Yes,0.141482006736394,23943,Yes,No,0.999250
Dollar General,Burlington,Alamance,NC,36.147,-79.424,"Urban (5,000+)",58188,11,1.92,0.18,10461.0,169230,26,1.54,1.35,Yes,0.141482006736394,23943,Yes,No,0.999250
Dollar General,Burlington,Alamance,NC,36.013,-79.512,"Urban (5,000+)",58188,11,1.92,0.18,10461.0,169230,26,1.54,1.35,Yes,0.141482006736394,23943,Yes,No,0.999250
Dollar General,Burlington,Alamance,NC,36.023,-79.444,"Urban (5,000+)",58188,11,1.92,0.18,10461.0,169230,26,1.54,1.35,Yes,0.141482006736394,23943,Yes,No,0.999250
Dollar General,Burlington,Alamance,NC,36.191,-79.326,"Urban (5,000+)",58188,11,1.92,0.18,10461.0,169230,26,1.54,1.35,Yes,0.141482006736394,23943,Yes,No,0.999250
Dollar General,Burlington,Alamance,NC,36.281,-79.35,"Urban (5,000+)",58188,11,1.92,0.18,10461.0,169230,26,1.54,1.35,Yes,0.141482006736394,23943,Yes,No,0.999250
Dollar General,Burlington,Alamance,NC,36.104,-79.434,"Urban (5,000+)",58188,11,1.92,0.18,10461.0,169230,26,1.54,1.35,Yes,0.141482006736394,23943,Yes,No,0.999250
Dollar General,Burlington,Alamance,NC,36.067,-79.469,"Urban (5,000+)",58188,11,1.92,0.18,10461.0,169230,26,1.54,1.35,Yes,0.141482006736394,23943,Yes,No,0.999250
Dollar General,Burlington,Alamance,NC,36.08,-79.482,"Urban (5,000+)",58188,11,1.92,0.18,10461.0,169230,26,1.54,1.35,Yes,0.141482006736394,23943,Yes,No,0.999250
Dollar General,Burlington,Alamance,NC,36.081,-79.514,"Urban (5,000+)",58188,11,1.92,0.18,10461.0,169230,26,1.54,1.35,Yes,0.141482006736394,23943,Yes,No,0.999250
Dollar General,Belews Creek,Forsyth,NC,36.229,-80.084,"Urban (5,000+)",5200,1,1.92,,,376368,13,0.35,0.32,Yes,0.146951919398036,55308,Yes,No,
Dollar General,Cramerton,Gaston,NC,35.249,-81.08,"Urban (5,000+)",5329,1,1.93,0.038,203.0,227676,22,0.97,0.94,Yes,0.127611166745726,29054,Yes,No,1.000000
Dollar General,Monroe,Union,NC,35.002,-80.571,"Urban (5,000+)",34993,7,1.94,0.139,4859.0,241896,12,0.5,0.24,Yes,0.0766031683037338,18530,Yes,No,0.948180
Dollar General,Monroe,Union,NC,34.972,-80.547,"Urban (5,000+)",34993,7,1.94,0.139,4859.0,241896,12,0.5,0.24,Yes,0.0766031683037338,18530,Yes,No,0.948180
Dollar General,Monroe,Union,NC,34.982,-80.568,"Urban (5,000+)",34993,7,1.94,0.139,4859.0,241896,12,0.5,0.24,Yes,0.0766031683037338,18530,Yes,No,0.948180
Dollar General,Monroe,Union,NC,35.039,-80.601,"Urban (5,000+)",34993,7,1.94,0.139,4859.0,241896,12,0.5,0.24,Yes,0.0766031683037338,18530,Yes,No,0.948180
Dollar General,Monroe,Union,NC,34.995,-80.548,"Urban (5,000+)",34993,7,1.94,0.139,4859.0,241896,12,0.5,0.24,Yes,0.0766031683037338,18530,Yes,No,0.948180
Dollar General,Monroe,Union,NC,35.139,-80.536,"Urban (5,000+)",34993,7,1.94,0.139,4859.0,241896,12,0.5,0.24,Yes,0.0766031683037338,18530,Yes,No,0.948180
Dollar General,Monroe,Union,NC,34.959,-80.578,"Urban (5,000+)",34993,7,1.94,0.139,4859.0,241896,12,0.5,0.24,Yes,0.0766031683037338,18530,Yes,No,0.948180
Dollar General,Jamestown,Guilford,NC,35.992,-79.953,"Rural (< 5,000)",3661,1,1.96,0.036,133.0,519697,35,0.67,0.66,Yes,0.152219466342888,79108,Yes,Yes,1.000000
Dollar General,Walkertown,Forsyth,NC,36.168,-80.155,"Urban (5,000+)",5793,1,1.97,0.06,350.0,376368,13,0.35,0.32,Yes,0.146951919398036,55308,Yes,No,0.997716
Dollar General,Ayden,Pitt,NC,35.477,-77.435,"Rural (< 5,000)",4879,1,2.0,0.216,1054.0,166082,23,1.38,1.36,Yes,0.194030659553714,32225,Yes,Yes,0.966245
Dollar General,Pleasant Garden,Guilford,NC,35.967,-79.764,"Rural (< 5,000)",4881,1,2.08,0.095,462.0,519697,35,0.67,0.66,Yes,0.152219466342888,79108,Yes,Yes,0.422800
Dollar General,Erwin,Harnett,NC,35.318,-78.682,"Rural (< 5,000)",4516,1,2.1,0.115,520.0,133246,11,0.83,0.78,Yes,0.145355207661018,19368,Yes,Yes,0.949582
Dollar General,Pittsboro,Chatham,NC,35.719,-79.164,"Rural (< 5,000)",4490,1,2.15,0.104,466.0,77460,5,0.65,0.55,Yes,0.104712109475859,8111,Yes,Yes,0.000000
Dollar General,Willow Spring,Wake,NC,35.55,-78.756,"Urban (5,000+)",9200,2,2.17,,,1129229,22,0.19,0.18,Yes,0.079316064323534,89566,Yes,No,
Dollar General,Willow Spring,Wake,NC,35.591,-78.733,"Urban (5,000+)",9200,2,2.17,,,1129229,22,0.19,0.18,Yes,0.079316064323534,89566,Yes,No,
Dollar General,Ahoskie,Hertford,NC,36.298,-76.987,"Rural (< 5,000)",4510,1,2.19,0.244,1101.0,18613,2,1.07,0.71,Yes,0.214151399559448,3986,Yes,Yes,0.993866
Dollar General,Swannanoa,Buncombe,NC,35.594,-82.43,"Urban (5,000+)",5616,1,2.22,0.151,849.0,265007,16,0.6,0.58,Yes,0.11774028610565,31202,Yes,No,0.897232
Dollar General,Valdese,Burke,NC,35.744,-81.574,"Rural (< 5,000)",4572,1,2.23,0.088,401.0,85482,15,1.75,1.73,Yes,0.179289207084532,15326,Yes,Yes,0.953082
Dollar General,Dunn,Harnett,NC,35.312,-78.619,"Urban (5,000+)",8299,2,2.25,0.186,1546.0,133246,11,0.83,0.72,Yes,0.145355207661018,19368,Yes,No,0.992896
Dollar General,Dunn,Harnett,NC,35.264,-78.573,"Urban (5,000+)",8299,2,2.25,0.186,1546.0,133246,11,0.83,0.72,Yes,0.145355207661018,19368,Yes,No,0.992896
Dollar General,Winterville,Pitt,NC,35.548,-77.395,"Urban (5,000+)",10585,3,2.29,0.094,999.0,166082,23,1.38,1.29,Yes,0.194030659553714,32225,Yes,No,0.999713
Dollar General,Winterville,Pitt,NC,35.55,-77.443,"Urban (5,000+)",10585,3,2.29,0.094,999.0,166082,23,1.38,1.29,Yes,0.194030659553714,32225,Yes,No,0.999713
Dollar General,Winterville,Pitt,NC,35.528,-77.403,"Urban (5,000+)",10585,3,2.29,0.094,999.0,166082,23,1.38,1.29,Yes,0.194030659553714,32225,Yes,No,0.999713
Dollar General,Black Mountain,Buncombe,NC,35.618,-82.32,"Urban (5,000+)",8203,2,2.31,0.065,532.0,265007,16,0.6,0.55,Yes,0.11774028610565,31202,Yes,No,0.988132
Dollar General,Black Mountain,Buncombe,NC,35.608,-82.351,"Urban (5,000+)",8203,2,2.31,0.065,532.0,265007,16,0.6,0.55,Yes,0.11774028610565,31202,Yes,No,0.988132
Dollar General,Wingate,Union,NC,34.982,-80.455,"Rural (< 5,000)",2789,1,2.34,0.177,494.0,241896,12,0.5,0.46,Yes,0.0766031683037338,18530,Yes,Yes,1.000000
Dollar General,Bethlehem,Alexander,NC,35.818,-81.307,"Rural (< 5,000)",3928,1,2.38,0.039,152.0,34841,6,1.72,1.62,Yes,0.120662437932321,4204,Yes,Yes,0.767090
Dollar General,Denver,Lincoln,NC,35.527,-81.016,"Rural (< 5,000)",2483,1,2.38,0.019,46.0,89512,12,1.34,1.26,Yes,0.0904571454106712,8097,Yes,Yes,0.000000
Dollar General,Timberlake,Person,NC,36.279,-78.953,"Rural (< 5,000)",4200,1,2.38,,,38934,8,2.05,2.02,Yes,0.184466019417476,7182,Yes,Yes,
Dollar General,Newton,Catawba,NC,35.645,-81.269,"Urban (5,000+)",12740,3,2.39,0.142,1807.0,158926,27,1.7,1.64,Yes,0.128210613744762,20376,Yes,No,0.945011
Dollar General,Newton,Catawba,NC,35.656,-81.208,"Urban (5,000+)",12740,3,2.39,0.142,1807.0,158926,27,1.7,1.64,Yes,0.128210613744762,20376,Yes,No,0.945011
Dollar General,Newton,Catawba,NC,35.626,-81.15,"Urban (5,000+)",12740,3,2.39,0.142,1807.0,158926,27,1.7,1.64,Yes,0.128210613744762,20376,Yes,No,0.945011
Dollar General,Siler City,Chatham,NC,35.729,-79.465,"Urban (5,000+)",7671,2,2.42,0.252,1931.0,77460,5,0.65,0.43,Yes,0.104712109475859,8111,Yes,No,0.981304
Dollar General,Siler City,Chatham,NC,35.761,-79.504,"Urban (5,000+)",7671,2,2.42,0.252,1931.0,77460,5,0.65,0.43,Yes,0.104712109475859,8111,Yes,No,0.981304
Dollar General,Mebane,Alamance,NC,36.062,-79.302,"Urban (5,000+)",18827,4,2.44,0.071,1333.0,169230,26,1.54,1.46,Yes,0.141482006736394,23943,Yes,No,0.991291
Dollar General,Mebane,Alamance,NC,36.328,-79.243,"Urban (5,000+)",18827,4,2.44,0.071,1333.0,169230,26,1.54,1.46,Yes,0.141482006736394,23943,Yes,No,0.991291
Dollar General,Mebane,Alamance,NC,36.097,-79.267,"Urban (5,000+)",18827,4,2.44,0.071,1333.0,169230,26,1.54,1.46,Yes,0.141482006736394,23943,Yes,No,0.991291
Dollar General,Mebane,Alamance,NC,36.087,-79.222,"Urban (5,000+)",18827,4,2.44,0.071,1333.0,169230,26,1.54,1.46,Yes,0.141482006736394,23943,Yes,No,0.991291
Dollar General,Millers Creek,Wilkes,NC,36.186,-81.24,"Rural (< 5,000)",1469,1,2.44,0.07,103.0,64649,14,2.17,2.06,Yes,0.164318086900029,10623,Yes,Yes,0.444847
Dollar General,Burgaw,Pender,NC,34.555,-77.915,"Rural (< 5,000)",2662,1,2.47,0.223,594.0,62106,8,1.29,1.18,Yes,0.106930087270151,6641,Yes,Yes,0.000000
Dollar General,Hudson,Caldwell,NC,35.847,-81.476,"Rural (< 5,000)",3774,1,2.48,0.175,661.0,79545,11,1.38,1.32,Yes,0.126808724621284,10087,Yes,Yes,1.000000
Dollar General,Elkin,Surry,NC,36.289,-80.856,"Rural (< 5,000)",3801,1,2.49,0.23,875.0,70238,19,2.71,2.71,No,0.166918192431447,11724,No,Yes,0.000000
Dollar General,Hillsborough,Orange,NC,36.085,-79.099,"Urban (5,000+)",9258,2,2.53,0.087,801.0,135916,3,0.22,0.08,Yes,0.124282645163189,16892,Yes,No,0.982298
Dollar General,Hillsborough,Orange,NC,36.062,-79.101,"Urban (5,000+)",9258,2,2.53,0.087,801.0,135916,3,0.22,0.08,Yes,0.124282645163189,16892,Yes,No,0.982298
Dollar General,Hubert,Onslow,NC,34.713,-77.233,"Urban (5,000+)",7800,2,2.56,,,186008,17,0.91,0.84,Yes,0.117167003569739,21794,Yes,No,
Dollar General,Hubert,Onslow,NC,34.683,-77.213,"Urban (5,000+)",7800,2,2.56,,,186008,17,0.91,0.84,Yes,0.117167003569739,21794,Yes,No,
Dollar General,Rocky Mount,Nash,NC,35.946,-77.756,"Urban (5,000+)",53308,14,2.59,0.212,11293.0,93468,24,2.57,2.49,Yes,0.140326100911542,13116,Yes,No,0.977310
Dollar General,Rocky Mount,Nash,NC,35.986,-77.809,"Urban (5,000+)",53308,14,2.59,0.212,11293.0,93468,24,2.57,2.49,Yes,0.140326100911542,13116,Yes,No,0.977310
Dollar General,Rocky Mount,Nash,NC,36.023,-77.768,"Urban (5,000+)",53308,14,2.59,0.212,11293.0,93468,24,2.57,2.49,Yes,0.140326100911542,13116,Yes,No,0.977310
Dollar General,Rocky Mount,Nash,NC,36.007,-77.716,"Urban (5,000+)",53308,14,2.59,0.212,11293.0,93468,24,2.57,2.49,Yes,0.140326100911542,13116,Yes,No,0.977310
Dollar General,Rocky Mount,Nash,NC,35.932,-77.814,"Urban (5,000+)",53308,14,2.59,0.212,11293.0,93468,24,2.57,2.49,Yes,0.140326100911542,13116,Yes,No,0.977310
Dollar General,Rocky Mount,Nash,NC,35.881,-77.741,"Urban (5,000+)",53308,14,2.59,0.212,11293.0,93468,24,2.57,2.49,Yes,0.140326100911542,13116,Yes,No,0.977310
Dollar General,Rocky Mount,Nash,NC,35.946,-77.8,"Urban (5,000+)",53308,14,2.59,0.212,11293.0,93468,24,2.57,2.49,Yes,0.140326100911542,13116,Yes,No,0.977310
Dollar General,Rocky Mount,Nash,NC,35.921,-77.826,"Urban (5,000+)",53308,14,2.59,0.212,11293.0,93468,24,2.57,2.49,Yes,0.140326100911542,13116,Yes,No,0.977310
Dollar General,Rocky Mount,Nash,NC,35.929,-77.79,"Urban (5,000+)",53308,14,2.59,0.212,11293.0,93468,24,2.57,2.49,Yes,0.140326100911542,13116,Yes,No,0.977310
Dollar General,Rocky Mount,Nash,NC,35.941,-77.787,"Urban (5,000+)",53308,14,2.59,0.212,11293.0,93468,24,2.57,2.49,Yes,0.140326100911542,13116,Yes,No,0.977310
Dollar General,Rocky Mount,Nash,NC,35.894,-77.863,"Urban (5,000+)",53308,14,2.59,0.212,11293.0,93468,24,2.57,2.49,Yes,0.140326100911542,13116,Yes,No,0.977310
Dollar General,Rocky Mount,Nash,NC,35.963,-77.832,"Urban (5,000+)",53308,14,2.59,0.212,11293.0,93468,24,2.57,2.49,Yes,0.140326100911542,13116,Yes,No,0.977310
Dollar General,Rocky Mount,Nash,NC,35.966,-77.872,"Urban (5,000+)",53308,14,2.59,0.212,11293.0,93468,24,2.57,2.49,Yes,0.140326100911542,13116,Yes,No,0.977310
Dollar General,Rocky Mount,Nash,NC,36.014,-77.856,"Urban (5,000+)",53308,14,2.59,0.212,11293.0,93468,24,2.57,2.49,Yes,0.140326100911542,13116,Yes,No,0.977310
Dollar General,Thomasville,Davidson,NC,35.867,-80.07,"Urban (5,000+)",26723,7,2.59,0.184,4906.0,169012,24,1.42,1.19,Yes,0.138256455162947,23367,Yes,No,0.996799
Dollar General,Thomasville,Davidson,NC,35.884,-80.124,"Urban (5,000+)",26723,7,2.59,0.184,4906.0,169012,24,1.42,1.19,Yes,0.138256455162947,23367,Yes,No,0.996799
Dollar General,Thomasville,Davidson,NC,35.919,-80.055,"Urban (5,000+)",26723,7,2.59,0.184,4906.0,169012,24,1.42,1.19,Yes,0.138256455162947,23367,Yes,No,0.996799
Dollar General,Thomasville,Davidson,NC,35.887,-80.053,"Urban (5,000+)",26723,7,2.59,0.184,4906.0,169012,24,1.42,1.19,Yes,0.138256455162947,23367,Yes,No,0.996799
Dollar General,Thomasville,Davidson,NC,35.948,-80.123,"Urban (5,000+)",26723,7,2.59,0.184,4906.0,169012,24,1.42,1.19,Yes,0.138256455162947,23367,Yes,No,0.996799
Dollar General,Thomasville,Davidson,NC,35.772,-80.1,"Urban (5,000+)",26723,7,2.59,0.184,4906.0,169012,24,1.42,1.19,Yes,0.138256455162947,23367,Yes,No,0.996799
Dollar General,Thomasville,Davidson,NC,35.856,-80.104,"Urban (5,000+)",26723,7,2.59,0.184,4906.0,169012,24,1.42,1.19,Yes,0.138256455162947,23367,Yes,No,0.996799
Dollar General,Roanoke Rapids,Halifax,NC,36.466,-77.693,"Urban (5,000+)",14906,4,2.63,0.218,3251.0,47012,11,2.34,2.18,Yes,0.251552795031056,11826,Yes,No,0.990150
Dollar General,Roanoke Rapids,Halifax,NC,36.429,-77.668,"Urban (5,000+)",14906,4,2.63,0.218,3251.0,47012,11,2.34,2.18,Yes,0.251552795031056,11826,Yes,No,0.990150
Dollar General,Roanoke Rapids,Halifax,NC,36.446,-77.752,"Urban (5,000+)",14906,4,2.63,0.218,3251.0,47012,11,2.34,2.18,Yes,0.251552795031056,11826,Yes,No,0.990150
Dollar General,Roanoke Rapids,Halifax,NC,36.46,-77.656,"Urban (5,000+)",14906,4,2.63,0.218,3251.0,47012,11,2.34,2.18,Yes,0.251552795031056,11826,Yes,No,0.990150
Dollar General,Welcome,Davidson,NC,35.91,-80.255,"Rural (< 5,000)",3644,1,2.63,0.089,326.0,169012,24,1.42,1.39,Yes,0.138256455162947,23367,Yes,Yes,0.852578
Dollar General,Mcleansville,Guilford,NC,36.087,-79.679,"Rural (< 5,000)",698,1,2.63,0.203,142.0,519697,35,0.67,0.66,Yes,0.152219466342888,79108,Yes,Yes,0.316262
Dollar General,Salisbury,Rowan,NC,35.729,-80.501,"Urban (5,000+)",32285,9,2.64,0.243,7837.0,144491,18,1.25,0.8,Yes,0.158355883757466,22881,Yes,No,0.998340
Dollar General,Salisbury,Rowan,NC,35.655,-80.587,"Urban (5,000+)",32285,9,2.64,0.243,7837.0,144491,18,1.25,0.8,Yes,0.158355883757466,22881,Yes,No,0.998340
Dollar General,Salisbury,Rowan,NC,35.615,-80.536,"Urban (5,000+)",32285,9,2.64,0.243,7837.0,144491,18,1.25,0.8,Yes,0.158355883757466,22881,Yes,No,0.998340
Dollar General,Salisbury,Rowan,NC,35.629,-80.446,"Urban (5,000+)",32285,9,2.64,0.243,7837.0,144491,18,1.25,0.8,Yes,0.158355883757466,22881,Yes,No,0.998340
Dollar General,Salisbury,Rowan,NC,35.597,-80.426,"Urban (5,000+)",32285,9,2.64,0.243,7837.0,144491,18,1.25,0.8,Yes,0.158355883757466,22881,Yes,No,0.998340
Dollar General,Salisbury,Rowan,NC,35.706,-80.466,"Urban (5,000+)",32285,9,2.64,0.243,7837.0,144491,18,1.25,0.8,Yes,0.158355883757466,22881,Yes,No,0.998340
Dollar General,Salisbury,Rowan,NC,35.696,-80.523,"Urban (5,000+)",32285,9,2.64,0.243,7837.0,144491,18,1.25,0.8,Yes,0.158355883757466,22881,Yes,No,0.998340
Dollar General,Salisbury,Rowan,NC,35.625,-80.479,"Urban (5,000+)",32285,9,2.64,0.243,7837.0,144491,18,1.25,0.8,Yes,0.158355883757466,22881,Yes,No,0.998340
Dollar General,Salisbury,Rowan,NC,35.665,-80.525,"Urban (5,000+)",32285,9,2.64,0.243,7837.0,144491,18,1.25,0.8,Yes,0.158355883757466,22881,Yes,No,0.998340
Dollar General,New Bern,Craven,NC,35.034,-77.004,"Urban (5,000+)",31073,8,2.66,0.163,5060.0,96136,15,1.56,1.08,Yes,0.139053008238329,13368,Yes,No,0.951488
Dollar General,New Bern,Craven,NC,35.117,-76.971,"Urban (5,000+)",31073,8,2.66,0.163,5060.0,96136,15,1.56,1.08,Yes,0.139053008238329,13368,Yes,No,0.951488
Dollar General,New Bern,Craven,NC,35.065,-77.021,"Urban (5,000+)",31073,8,2.66,0.163,5060.0,96136,15,1.56,1.08,Yes,0.139053008238329,13368,Yes,No,0.951488
Dollar General,New Bern,Craven,NC,35.084,-77.148,"Urban (5,000+)",31073,8,2.66,0.163,5060.0,96136,15,1.56,1.08,Yes,0.139053008238329,13368,Yes,No,0.951488
Dollar General,New Bern,Craven,NC,35.202,-77.207,"Urban (5,000+)",31073,8,2.66,0.163,5060.0,96136,15,1.56,1.08,Yes,0.139053008238329,13368,Yes,No,0.951488
Dollar General,New Bern,Craven,NC,35.068,-77.071,"Urban (5,000+)",31073,8,2.66,0.163,5060.0,96136,15,1.56,1.08,Yes,0.139053008238329,13368,Yes,No,0.951488
Dollar General,New Bern,Craven,NC,35.119,-77.077,"Urban (5,000+)",31073,8,2.66,0.163,5060.0,96136,15,1.56,1.08,Yes,0.139053008238329,13368,Yes,No,0.951488
Dollar General,New Bern,Craven,NC,35.141,-77.104,"Urban (5,000+)",31073,8,2.66,0.163,5060.0,96136,15,1.56,1.08,Yes,0.139053008238329,13368,Yes,No,0.951488
Dollar General,Locust,Stanly,NC,35.26,-80.428,"Urban (5,000+)",5529,1,2.72,0.082,452.0,61509,15,2.44,2.5,Yes,0.142499471622039,8765,Yes,No,0.000000
Dollar General,King,Stokes,NC,36.299,-80.331,"Urban (5,000+)",7073,2,2.72,0.064,455.0,44124,8,1.81,1.62,Yes,0.119662768561327,5280,Yes,No,0.961651
Dollar General,King,Stokes,NC,36.267,-80.359,"Urban (5,000+)",7073,2,2.72,0.064,455.0,44124,8,1.81,1.62,Yes,0.119662768561327,5280,Yes,No,0.961651
Dollar General,Emerald Isle,Carteret,NC,34.666,-77.027,"Rural (< 5,000)",3915,1,2.73,0.039,151.0,67511,15,2.22,2.2,Yes,0.100442890788168,6781,Yes,Yes,1.000000
Dollar General,Tarboro,Edgecombe,NC,35.913,-77.543,"Urban (5,000+)",10101,3,2.74,0.198,1997.0,48062,5,1.04,0.53,Yes,0.218800715742166,10516,Yes,No,0.967727
Dollar General,Tarboro,Edgecombe,NC,35.892,-77.552,"Urban (5,000+)",10101,3,2.74,0.198,1997.0,48062,5,1.04,0.53,Yes,0.218800715742166,10516,Yes,No,0.967727
Dollar General,Tarboro,Edgecombe,NC,35.989,-77.58,"Urban (5,000+)",10101,3,2.74,0.198,1997.0,48062,5,1.04,0.53,Yes,0.218800715742166,10516,Yes,No,0.967727
Dollar General,Windsor,Bertie,NC,35.997,-76.95,"Rural (< 5,000)",1975,1,2.75,0.254,502.0,15931,4,2.51,2.15,Yes,0.197853242106585,3152,Yes,Yes,0.000000
Dollar General,Hickory,Catawba,NC,35.72,-81.245,"Urban (5,000+)",42092,12,2.76,0.169,7133.0,158926,27,1.7,1.28,Yes,0.128210613744762,20376,Yes,No,0.993631
Dollar General,Hickory,Catawba,NC,35.729,-81.385,"Urban (5,000+)",42092,12,2.76,0.169,7133.0,158926,27,1.7,1.28,Yes,0.128210613744762,20376,Yes,No,0.993631
Dollar General,Hickory,Catawba,NC,35.733,-81.406,"Urban (5,000+)",42092,12,2.76,0.169,7133.0,158926,27,1.7,1.28,Yes,0.128210613744762,20376,Yes,No,0.993631
Dollar General,Hickory,Catawba,NC,35.754,-81.281,"Urban (5,000+)",42092,12,2.76,0.169,7133.0,158926,27,1.7,1.28,Yes,0.128210613744762,20376,Yes,No,0.993631
Dollar General,Hickory,Catawba,NC,35.767,-81.334,"Urban (5,000+)",42092,12,2.76,0.169,7133.0,158926,27,1.7,1.28,Yes,0.128210613744762,20376,Yes,No,0.993631
Dollar General,Hickory,Catawba,NC,35.742,-81.304,"Urban (5,000+)",42092,12,2.76,0.169,7133.0,158926,27,1.7,1.28,Yes,0.128210613744762,20376,Yes,No,0.993631
Dollar General,Hickory,Catawba,NC,35.682,-81.376,"Urban (5,000+)",42092,12,2.76,0.169,7133.0,158926,27,1.7,1.28,Yes,0.128210613744762,20376,Yes,No,0.993631
Dollar General,Hickory,Catawba,NC,35.747,-81.361,"Urban (5,000+)",42092,12,2.76,0.169,7133.0,158926,27,1.7,1.28,Yes,0.128210613744762,20376,Yes,No,0.993631
Dollar General,Hickory,Catawba,NC,35.722,-81.35,"Urban (5,000+)",42092,12,2.76,0.169,7133.0,158926,27,1.7,1.28,Yes,0.128210613744762,20376,Yes,No,0.993631
Dollar General,Hickory,Catawba,NC,35.633,-81.382,"Urban (5,000+)",42092,12,2.76,0.169,7133.0,158926,27,1.7,1.28,Yes,0.128210613744762,20376,Yes,No,0.993631
Dollar General,Hickory,Catawba,NC,35.723,-81.318,"Urban (5,000+)",42092,12,2.76,0.169,7133.0,158926,27,1.7,1.28,Yes,0.128210613744762,20376,Yes,No,0.993631
Dollar General,Hickory,Catawba,NC,35.782,-81.294,"Urban (5,000+)",42092,12,2.76,0.169,7133.0,158926,27,1.7,1.28,Yes,0.128210613744762,20376,Yes,No,0.993631
Dollar General,Colfax,Guilford,NC,36.083,-79.991,"Rural (< 5,000)",3600,1,2.78,,,519697,35,0.67,0.66,Yes,0.152219466342888,79108,Yes,Yes,
Dollar General,Iron Station,Lincoln,NC,35.48,-81.107,"Rural (< 5,000)",722,1,2.78,0.0,0.0,89512,12,1.34,1.24,Yes,0.0904571454106712,8097,Yes,Yes,0.563636
Dollar General,Lowell,Gaston,NC,35.268,-81.098,"Rural (< 5,000)",3680,1,2.84,0.192,707.0,227676,22,0.97,0.94,Yes,0.127611166745726,29054,Yes,Yes,1.000000
Dollar General,Candler,Buncombe,NC,35.533,-82.695,"Urban (5,000+)",10500,3,2.86,,,265007,16,0.6,0.51,Yes,0.11774028610565,31202,Yes,No,
Dollar General,Candler,Buncombe,NC,35.54,-82.754,"Urban (5,000+)",10500,3,2.86,,,265007,16,0.6,0.51,Yes,0.11774028610565,31202,Yes,No,
Dollar General,Candler,Buncombe,NC,35.546,-82.666,"Urban (5,000+)",10500,3,2.86,,,265007,16,0.6,0.51,Yes,0.11774028610565,31202,Yes,No,
Dollar General,Etowah,Henderson,NC,35.316,-82.597,"Urban (5,000+)",7765,1,2.86,0.128,994.0,115963,11,0.95,0.92,Yes,0.11672688702431,13536,Yes,No,0.000000
Dollar General,Trinity,Randolph,NC,35.844,-79.937,"Urban (5,000+)",7057,2,2.87,0.104,732.0,143617,20,1.39,1.32,Yes,0.147649651503652,21205,Yes,No,0.680845
Dollar General,Trinity,Randolph,NC,35.895,-79.989,"Urban (5,000+)",7057,2,2.87,0.104,732.0,143617,20,1.39,1.32,Yes,0.147649651503652,21205,Yes,No,0.680845
Dollar General,Red Oak,Nash,NC,36.033,-77.902,"Rural (< 5,000)",3372,1,2.94,0.028,95.0,93468,24,2.57,2.55,Yes,0.140326100911542,13116,Yes,Yes,0.056254
Dollar General,Elizabeth City,Pasquotank,NC,36.266,-76.201,"Urban (5,000+)",17227,5,3.01,0.15,2581.0,38146,5,1.31,0.0,Yes,0.100325066848425,3827,Yes,No,0.946809
Dollar General,Elizabeth City,Pasquotank,NC,36.305,-76.233,"Urban (5,000+)",17227,5,3.01,0.15,2581.0,38146,5,1.31,0.0,Yes,0.100325066848425,3827,Yes,No,0.946809
Dollar General,Elizabeth City,Pasquotank,NC,36.288,-76.254,"Urban (5,000+)",17227,5,3.01,0.15,2581.0,38146,5,1.31,0.0,Yes,0.100325066848425,3827,Yes,No,0.946809
Dollar General,Elizabeth City,Pasquotank,NC,36.333,-76.227,"Urban (5,000+)",17227,5,3.01,0.15,2581.0,38146,5,1.31,0.0,Yes,0.100325066848425,3827,Yes,No,0.946809
Dollar General,Elizabeth City,Pasquotank,NC,36.296,-76.227,"Urban (5,000+)",17227,5,3.01,0.15,2581.0,38146,5,1.31,0.0,Yes,0.100325066848425,3827,Yes,No,0.946809
Dollar General,Spencer,Rowan,NC,35.693,-80.425,"Rural (< 5,000)",3245,1,3.03,0.131,425.0,144491,18,1.25,1.2,Yes,0.158355883757466,22881,Yes,Yes,0.960701
Dollar General,Troy,Montgomery,NC,35.352,-79.905,"Rural (< 5,000)",2337,1,3.09,0.181,424.0,25033,6,2.4,2.2,Yes,0.160867654695802,4027,Yes,Yes,0.000000
Dollar General,Asheboro,Randolph,NC,35.725,-79.742,"Urban (5,000+)",26676,8,3.1,0.202,5392.0,143617,20,1.39,1.03,Yes,0.147649651503652,21205,Yes,No,0.964722
Dollar General,Asheboro,Randolph,NC,35.688,-79.81,"Urban (5,000+)",26676,8,3.1,0.202,5392.0,143617,20,1.39,1.03,Yes,0.147649651503652,21205,Yes,No,0.964722
Dollar General,Asheboro,Randolph,NC,35.657,-79.822,"Urban (5,000+)",26676,8,3.1,0.202,5392.0,143617,20,1.39,1.03,Yes,0.147649651503652,21205,Yes,No,0.964722
Dollar General,Asheboro,Randolph,NC,35.7,-79.814,"Urban (5,000+)",26676,8,3.1,0.202,5392.0,143617,20,1.39,1.03,Yes,0.147649651503652,21205,Yes,No,0.964722
Dollar General,Asheboro,Randolph,NC,35.684,-79.84,"Urban (5,000+)",26676,8,3.1,0.202,5392.0,143617,20,1.39,1.03,Yes,0.147649651503652,21205,Yes,No,0.964722
Dollar General,Asheboro,Randolph,NC,35.731,-79.807,"Urban (5,000+)",26676,8,3.1,0.202,5392.0,143617,20,1.39,1.03,Yes,0.147649651503652,21205,Yes,No,0.964722
Dollar General,Asheboro,Randolph,NC,35.733,-79.958,"Urban (5,000+)",26676,8,3.1,0.202,5392.0,143617,20,1.39,1.03,Yes,0.147649651503652,21205,Yes,No,0.964722
Dollar General,Asheboro,Randolph,NC,35.772,-79.809,"Urban (5,000+)",26676,8,3.1,0.202,5392.0,143617,20,1.39,1.03,Yes,0.147649651503652,21205,Yes,No,0.964722
Dollar General,Green Level,Alamance,NC,36.119,-79.351,"Rural (< 5,000)",3130,1,3.12,0.18,562.0,169230,26,1.54,1.51,Yes,0.141482006736394,23943,Yes,Yes,1.000000
Dollar General,Currituck,Currituck,NC,36.451,-76.023,"Rural (< 5,000)",3200,1,3.12,,,29434,6,2.04,1.91,Yes,0.0763742610586397,2248,Yes,Yes,
Dollar General,Castle Hayne,New Hanover,NC,34.357,-77.9,"Rural (< 5,000)",978,1,3.12,0.081,79.0,225457,14,0.62,0.58,Yes,0.123708733816204,27891,Yes,Yes,0.687047
Dollar General,Hendersonville,Henderson,NC,35.33,-82.378,"Urban (5,000+)",14895,5,3.21,0.168,2496.0,115963,11,0.95,0.59,Yes,0.11672688702431,13536,Yes,No,1.000000
Dollar General,Hendersonville,Henderson,NC,35.38,-82.474,"Urban (5,000+)",14895,5,3.21,0.168,2496.0,115963,11,0.95,0.59,Yes,0.11672688702431,13536,Yes,No,1.000000
Dollar General,Hendersonville,Henderson,NC,35.353,-82.503,"Urban (5,000+)",14895,5,3.21,0.168,2496.0,115963,11,0.95,0.59,Yes,0.11672688702431,13536,Yes,No,1.000000
Dollar General,Hendersonville,Henderson,NC,35.377,-82.378,"Urban (5,000+)",14895,5,3.21,0.168,2496.0,115963,11,0.95,0.59,Yes,0.11672688702431,13536,Yes,No,1.000000
Dollar General,Hendersonville,Henderson,NC,35.306,-82.455,"Urban (5,000+)",14895,5,3.21,0.168,2496.0,115963,11,0.95,0.59,Yes,0.11672688702431,13536,Yes,No,1.000000
Dollar General,Goldsboro,Wayne,NC,35.392,-77.996,"Urban (5,000+)",32082,11,3.21,0.208,6666.0,114923,20,1.74,1.09,Yes,0.169121933816555,19436,Yes,No,0.986422
Dollar General,Goldsboro,Wayne,NC,35.435,-77.864,"Urban (5,000+)",32082,11,3.21,0.208,6666.0,114923,20,1.74,1.09,Yes,0.169121933816555,19436,Yes,No,0.986422
Dollar General,Goldsboro,Wayne,NC,35.398,-77.907,"Urban (5,000+)",32082,11,3.21,0.208,6666.0,114923,20,1.74,1.09,Yes,0.169121933816555,19436,Yes,No,0.986422
Dollar General,Goldsboro,Wayne,NC,35.334,-78.034,"Urban (5,000+)",32082,11,3.21,0.208,6666.0,114923,20,1.74,1.09,Yes,0.169121933816555,19436,Yes,No,0.986422
Dollar General,Goldsboro,Wayne,NC,35.343,-77.919,"Urban (5,000+)",32082,11,3.21,0.208,6666.0,114923,20,1.74,1.09,Yes,0.169121933816555,19436,Yes,No,0.986422
Dollar General,Goldsboro,Wayne,NC,35.432,-77.994,"Urban (5,000+)",32082,11,3.21,0.208,6666.0,114923,20,1.74,1.09,Yes,0.169121933816555,19436,Yes,No,0.986422
Dollar General,Goldsboro,Wayne,NC,35.408,-77.984,"Urban (5,000+)",32082,11,3.21,0.208,6666.0,114923,20,1.74,1.09,Yes,0.169121933816555,19436,Yes,No,0.986422
Dollar General,Goldsboro,Wayne,NC,35.401,-78.019,"Urban (5,000+)",32082,11,3.21,0.208,6666.0,114923,20,1.74,1.09,Yes,0.169121933816555,19436,Yes,No,0.986422
Dollar General,Goldsboro,Wayne,NC,35.376,-77.96,"Urban (5,000+)",32082,11,3.21,0.208,6666.0,114923,20,1.74,1.09,Yes,0.169121933816555,19436,Yes,No,0.986422
Dollar General,Goldsboro,Wayne,NC,35.456,-77.932,"Urban (5,000+)",32082,11,3.21,0.208,6666.0,114923,20,1.74,1.09,Yes,0.169121933816555,19436,Yes,No,0.986422
Dollar General,Goldsboro,Wayne,NC,35.297,-78.162,"Urban (5,000+)",32082,11,3.21,0.208,6666.0,114923,20,1.74,1.09,Yes,0.169121933816555,19436,Yes,No,0.986422
Dollar General,Warsaw,Duplin,NC,34.998,-78.097,"Rural (< 5,000)",2648,1,3.28,0.106,280.0,48673,14,2.88,2.82,Yes,0.178908224272184,8708,Yes,Yes,0.000000
Dollar General,Sanford,Lee,NC,35.514,-79.215,"Urban (5,000+)",30112,10,3.31,0.203,6106.0,63282,11,1.74,0.3,Yes,0.154656932461047,9787,Yes,No,0.983246
Dollar General,Sanford,Lee,NC,35.482,-79.162,"Urban (5,000+)",30112,10,3.31,0.203,6106.0,63282,11,1.74,0.3,Yes,0.154656932461047,9787,Yes,No,0.983246
Dollar General,Sanford,Lee,NC,35.332,-79.045,"Urban (5,000+)",30112,10,3.31,0.203,6106.0,63282,11,1.74,0.3,Yes,0.154656932461047,9787,Yes,No,0.983246
Dollar General,Sanford,Lee,NC,35.439,-79.218,"Urban (5,000+)",30112,10,3.31,0.203,6106.0,63282,11,1.74,0.3,Yes,0.154656932461047,9787,Yes,No,0.983246
Dollar General,Sanford,Lee,NC,35.435,-79.166,"Urban (5,000+)",30112,10,3.31,0.203,6106.0,63282,11,1.74,0.3,Yes,0.154656932461047,9787,Yes,No,0.983246
Dollar General,Sanford,Lee,NC,35.389,-79.191,"Urban (5,000+)",30112,10,3.31,0.203,6106.0,63282,11,1.74,0.3,Yes,0.154656932461047,9787,Yes,No,0.983246
Dollar General,Sanford,Lee,NC,35.38,-79.109,"Urban (5,000+)",30112,10,3.31,0.203,6106.0,63282,11,1.74,0.3,Yes,0.154656932461047,9787,Yes,No,0.983246
Dollar General,Sanford,Lee,NC,35.469,-79.163,"Urban (5,000+)",30112,10,3.31,0.203,6106.0,63282,11,1.74,0.3,Yes,0.154656932461047,9787,Yes,No,0.983246
Dollar General,Sanford,Lee,NC,35.518,-79.18,"Urban (5,000+)",30112,10,3.31,0.203,6106.0,63282,11,1.74,0.3,Yes,0.154656932461047,9787,Yes,No,0.983246
Dollar General,Sanford,Lee,NC,35.45,-79.216,"Urban (5,000+)",30112,10,3.31,0.203,6106.0,63282,11,1.74,0.3,Yes,0.154656932461047,9787,Yes,No,0.983246
Dollar General,Laurinburg,Scotland,NC,34.777,-79.487,"Urban (5,000+)",14219,5,3.31,0.32,4552.0,32159,8,2.49,1.67,Yes,0.265679902982058,8544,Yes,No,0.994525
Dollar General,Laurinburg,Scotland,NC,34.764,-79.468,"Urban (5,000+)",14219,5,3.31,0.32,4552.0,32159,8,2.49,1.67,Yes,0.265679902982058,8544,Yes,No,0.994525
Dollar General,Laurinburg,Scotland,NC,34.794,-79.459,"Urban (5,000+)",14219,5,3.31,0.32,4552.0,32159,8,2.49,1.67,Yes,0.265679902982058,8544,Yes,No,0.994525
Dollar General,Laurinburg,Scotland,NC,34.728,-79.506,"Urban (5,000+)",14219,5,3.31,0.32,4552.0,32159,8,2.49,1.67,Yes,0.265679902982058,8544,Yes,No,0.994525
Dollar General,Laurinburg,Scotland,NC,34.758,-79.484,"Urban (5,000+)",14219,5,3.31,0.32,4552.0,32159,8,2.49,1.67,Yes,0.265679902982058,8544,Yes,No,0.994525
Dollar General,Nashville,Nash,NC,35.971,-77.953,"Urban (5,000+)",5536,2,3.31,0.208,1153.0,93468,24,2.57,2.5,Yes,0.140326100911542,13116,Yes,No,0.987216
Dollar General,Nashville,Nash,NC,35.899,-77.947,"Urban (5,000+)",5536,2,3.31,0.208,1153.0,93468,24,2.57,2.5,Yes,0.140326100911542,13116,Yes,No,0.987216
Dollar General,Cherryville,Gaston,NC,35.347,-81.448,"Urban (5,000+)",5974,2,3.32,0.15,894.0,227676,22,0.97,0.9,Yes,0.127611166745726,29054,Yes,No,0.986509
Dollar General,Cherryville,Gaston,NC,35.385,-81.37,"Urban (5,000+)",5974,2,3.32,0.15,894.0,227676,22,0.97,0.9,Yes,0.127611166745726,29054,Yes,No,0.986509
Dollar General,Murfreesboro,Hertford,NC,36.442,-77.119,"Rural (< 5,000)",2342,1,3.4,0.358,839.0,18613,2,1.07,0.61,Yes,0.214151399559448,3986,Yes,Yes,0.000000
Dollar General,Surf City,Pender,NC,34.442,-77.558,"Rural (< 5,000)",4131,1,3.41,0.049,202.0,62106,8,1.29,1.21,Yes,0.106930087270151,6641,Yes,Yes,0.890871
Dollar General,Aberdeen,Moore,NC,35.161,-79.472,"Urban (5,000+)",8792,3,3.47,0.103,904.0,101170,15,1.48,1.3,Yes,0.0996046258772363,10077,Yes,No,0.910991
Dollar General,Aberdeen,Moore,NC,35.151,-79.421,"Urban (5,000+)",8792,3,3.47,0.103,904.0,101170,15,1.48,1.3,Yes,0.0996046258772363,10077,Yes,No,0.910991
Dollar General,Aberdeen,Moore,NC,35.051,-79.434,"Urban (5,000+)",8792,3,3.47,0.103,904.0,101170,15,1.48,1.3,Yes,0.0996046258772363,10077,Yes,No,0.910991
Dollar General,Fletcher,Henderson,NC,35.479,-82.446,"Urban (5,000+)",7786,3,3.48,0.074,574.0,115963,11,0.95,0.74,Yes,0.11672688702431,13536,Yes,No,0.990359
Dollar General,Fletcher,Henderson,NC,35.443,-82.475,"Urban (5,000+)",7786,3,3.48,0.074,574.0,115963,11,0.95,0.74,Yes,0.11672688702431,13536,Yes,No,0.990359
Dollar General,Fletcher,Henderson,NC,35.428,-82.503,"Urban (5,000+)",7786,3,3.48,0.074,574.0,115963,11,0.95,0.74,Yes,0.11672688702431,13536,Yes,No,0.990359
Dollar General,Bessemer City,Gaston,NC,35.357,-81.266,"Urban (5,000+)",5501,2,3.52,0.163,899.0,227676,22,0.97,0.9,Yes,0.127611166745726,29054,Yes,No,0.972366
Dollar General,Bessemer City,Gaston,NC,35.287,-81.266,"Urban (5,000+)",5501,2,3.52,0.163,899.0,227676,22,0.97,0.9,Yes,0.127611166745726,29054,Yes,No,0.972366
Dollar General,Kinston,Lenoir,NC,35.225,-77.642,"Urban (5,000+)",18905,7,3.56,0.289,5462.0,53873,11,2.04,1.14,Yes,0.224602305422011,12100,Yes,No,0.971658
Dollar General,Kinston,Lenoir,NC,35.27,-77.609,"Urban (5,000+)",18905,7,3.56,0.289,5462.0,53873,11,2.04,1.14,Yes,0.224602305422011,12100,Yes,No,0.971658
Dollar General,Kinston,Lenoir,NC,35.301,-77.647,"Urban (5,000+)",18905,7,3.56,0.289,5462.0,53873,11,2.04,1.14,Yes,0.224602305422011,12100,Yes,No,0.971658
Dollar General,Kinston,Lenoir,NC,35.258,-77.575,"Urban (5,000+)",18905,7,3.56,0.289,5462.0,53873,11,2.04,1.14,Yes,0.224602305422011,12100,Yes,No,0.971658
Dollar General,Kinston,Lenoir,NC,35.294,-77.544,"Urban (5,000+)",18905,7,3.56,0.289,5462.0,53873,11,2.04,1.14,Yes,0.224602305422011,12100,Yes,No,0.971658
Dollar General,Kinston,Lenoir,NC,35.197,-77.559,"Urban (5,000+)",18905,7,3.56,0.289,5462.0,53873,11,2.04,1.14,Yes,0.224602305422011,12100,Yes,No,0.971658
Dollar General,Kinston,Lenoir,NC,35.285,-77.584,"Urban (5,000+)",18905,7,3.56,0.289,5462.0,53873,11,2.04,1.14,Yes,0.224602305422011,12100,Yes,No,0.971658
Dollar General,Stokesdale,Guilford,NC,36.236,-79.95,"Urban (5,000+)",5882,2,3.57,0.076,445.0,519697,35,0.67,0.64,Yes,0.152219466342888,79108,Yes,No,0.000000
Dollar General,Stokesdale,Guilford,NC,36.246,-79.99,"Urban (5,000+)",5882,2,3.57,0.076,445.0,519697,35,0.67,0.64,Yes,0.152219466342888,79108,Yes,No,0.000000
Dollar General,Rocky Point,Pender,NC,34.449,-77.882,"Rural (< 5,000)",1045,1,3.57,0.378,395.0,62106,8,1.29,1.15,Yes,0.106930087270151,6641,Yes,Yes,0.000000
Dollar General,Sophia,Randolph,NC,35.745,-79.892,"Rural (< 5,000)",2800,1,3.57,,,143617,20,1.39,1.35,Yes,0.147649651503652,21205,Yes,Yes,
Dollar General,Statesville,Iredell,NC,35.772,-80.885,"Urban (5,000+)",28121,11,3.63,0.164,4611.0,189857,21,1.11,0.62,Yes,0.0909684657400043,17271,Yes,No,0.994687
Dollar General,Statesville,Iredell,NC,35.938,-80.966,"Urban (5,000+)",28121,11,3.63,0.164,4611.0,189857,21,1.11,0.62,Yes,0.0909684657400043,17271,Yes,No,0.994687
Dollar General,Statesville,Iredell,NC,35.753,-81.055,"Urban (5,000+)",28121,11,3.63,0.164,4611.0,189857,21,1.11,0.62,Yes,0.0909684657400043,17271,Yes,No,0.994687
Dollar General,Statesville,Iredell,NC,35.782,-81.005,"Urban (5,000+)",28121,11,3.63,0.164,4611.0,189857,21,1.11,0.62,Yes,0.0909684657400043,17271,Yes,No,0.994687
Dollar General,Statesville,Iredell,NC,35.804,-80.877,"Urban (5,000+)",28121,11,3.63,0.164,4611.0,189857,21,1.11,0.62,Yes,0.0909684657400043,17271,Yes,No,0.994687
Dollar General,Statesville,Iredell,NC,35.735,-80.946,"Urban (5,000+)",28121,11,3.63,0.164,4611.0,189857,21,1.11,0.62,Yes,0.0909684657400043,17271,Yes,No,0.994687
Dollar General,Statesville,Iredell,NC,35.8,-80.942,"Urban (5,000+)",28121,11,3.63,0.164,4611.0,189857,21,1.11,0.62,Yes,0.0909684657400043,17271,Yes,No,0.994687
Dollar General,Statesville,Iredell,NC,35.809,-80.911,"Urban (5,000+)",28121,11,3.63,0.164,4611.0,189857,21,1.11,0.62,Yes,0.0909684657400043,17271,Yes,No,0.994687
Dollar General,Statesville,Iredell,NC,35.786,-80.914,"Urban (5,000+)",28121,11,3.63,0.164,4611.0,189857,21,1.11,0.62,Yes,0.0909684657400043,17271,Yes,No,0.994687
Dollar General,Statesville,Iredell,NC,35.807,-80.807,"Urban (5,000+)",28121,11,3.63,0.164,4611.0,189857,21,1.11,0.62,Yes,0.0909684657400043,17271,Yes,No,0.994687
Dollar General,Statesville,Iredell,NC,35.761,-80.834,"Urban (5,000+)",28121,11,3.63,0.164,4611.0,189857,21,1.11,0.62,Yes,0.0909684657400043,17271,Yes,No,0.994687
Dollar General,Albemarle,Stanly,NC,35.338,-80.204,"Urban (5,000+)",15961,6,3.68,0.225,3596.0,61509,15,2.44,1.98,Yes,0.142499471622039,8765,Yes,No,0.957035
Dollar General,Albemarle,Stanly,NC,35.387,-80.193,"Urban (5,000+)",15961,6,3.68,0.225,3596.0,61509,15,2.44,1.98,Yes,0.142499471622039,8765,Yes,No,0.957035
Dollar General,Albemarle,Stanly,NC,35.363,-80.254,"Urban (5,000+)",15961,6,3.68,0.225,3596.0,61509,15,2.44,1.98,Yes,0.142499471622039,8765,Yes,No,0.957035
Dollar General,Albemarle,Stanly,NC,35.361,-80.205,"Urban (5,000+)",15961,6,3.68,0.225,3596.0,61509,15,2.44,1.98,Yes,0.142499471622039,8765,Yes,No,0.957035
Dollar General,Albemarle,Stanly,NC,35.337,-80.227,"Urban (5,000+)",15961,6,3.68,0.225,3596.0,61509,15,2.44,1.98,Yes,0.142499471622039,8765,Yes,No,0.957035
Dollar General,Albemarle,Stanly,NC,35.379,-80.301,"Urban (5,000+)",15961,6,3.68,0.225,3596.0,61509,15,2.44,1.98,Yes,0.142499471622039,8765,Yes,No,0.957035
Dollar General,Liberty,Randolph,NC,35.853,-79.583,"Rural (< 5,000)",2678,1,3.7,0.181,484.0,143617,20,1.39,1.35,Yes,0.147649651503652,21205,Yes,Yes,0.000000
Dollar General,Mars Hill,Madison,NC,35.822,-82.543,"Rural (< 5,000)",2132,1,3.86,0.033,71.0,20780,2,0.96,0.54,Yes,0.114436958614052,2378,Yes,Yes,0.000000
Dollar General,Tobaccoville,Forsyth,NC,36.239,-80.372,"Rural (< 5,000)",2632,1,3.91,0.1,262.0,376368,13,0.35,0.32,Yes,0.146951919398036,55308,Yes,Yes,0.098914
Dollar General,Wadesboro,Anson,NC,34.977,-80.091,"Rural (< 5,000)",4746,2,3.94,0.3,1422.0,19973,5,2.5,1.97,Yes,0.212036248936064,4235,Yes,Yes,0.961861
Dollar General,Wadesboro,Anson,NC,34.964,-80.053,"Rural (< 5,000)",4746,2,3.94,0.3,1422.0,19973,5,2.5,1.97,Yes,0.212036248936064,4235,Yes,Yes,0.961861
Dollar General,Sharpsburg,Nash,NC,35.862,-77.834,"Rural (< 5,000)",1629,1,3.95,0.198,323.0,93468,24,2.57,2.5,Yes,0.140326100911542,13116,Yes,Yes,0.998232
Dollar General,Graham,Alamance,NC,35.993,-79.294,"Urban (5,000+)",17254,6,3.98,0.181,3125.0,169230,26,1.54,1.32,Yes,0.141482006736394,23943,Yes,No,0.991024
Dollar General,Graham,Alamance,NC,36.068,-79.4,"Urban (5,000+)",17254,6,3.98,0.181,3125.0,169230,26,1.54,1.32,Yes,0.141482006736394,23943,Yes,No,0.991024
Dollar General,Graham,Alamance,NC,36.005,-79.392,"Urban (5,000+)",17254,6,3.98,0.181,3125.0,169230,26,1.54,1.32,Yes,0.141482006736394,23943,Yes,No,0.991024
Dollar General,Graham,Alamance,NC,36.029,-79.348,"Urban (5,000+)",17254,6,3.98,0.181,3125.0,169230,26,1.54,1.32,Yes,0.141482006736394,23943,Yes,No,0.991024
Dollar General,Graham,Alamance,NC,36.045,-79.397,"Urban (5,000+)",17254,6,3.98,0.181,3125.0,169230,26,1.54,1.32,Yes,0.141482006736394,23943,Yes,No,0.991024
Dollar General,Graham,Alamance,NC,35.906,-79.308,"Urban (5,000+)",17254,6,3.98,0.181,3125.0,169230,26,1.54,1.32,Yes,0.141482006736394,23943,Yes,No,0.991024
Dollar General,Gibsonville,Guilford,NC,36.103,-79.549,"Urban (5,000+)",9289,3,3.99,0.084,782.0,519697,35,0.67,0.63,Yes,0.152219466342888,79108,Yes,No,0.998767
Dollar General,Gibsonville,Guilford,NC,36.064,-79.612,"Urban (5,000+)",9289,3,3.99,0.084,782.0,519697,35,0.67,0.63,Yes,0.152219466342888,79108,Yes,No,0.998767
Dollar General,Gibsonville,Guilford,NC,36.248,-79.518,"Urban (5,000+)",9289,3,3.99,0.084,782.0,519697,35,0.67,0.63,Yes,0.152219466342888,79108,Yes,No,0.998767
Dollar General,Cashiers,Jackson,NC,35.12,-83.088,"Rural (< 5,000)",825,1,4.0,0.0,0.0,39227,6,1.53,1.3,Yes,0.193106788691463,7575,Yes,Yes,0.000000
Dollar General,Mayodan,Rockingham,NC,36.413,-79.966,"Rural (< 5,000)",2391,1,4.05,0.145,346.0,89541,19,2.12,2.07,Yes,0.168481477758792,15086,Yes,Yes,0.961125
Dollar General,Weaverville,Buncombe,NC,35.751,-82.624,"Rural (< 5,000)",4476,2,4.05,0.056,250.0,265007,16,0.6,0.54,Yes,0.11774028610565,31202,Yes,Yes,1.000000
Dollar General,Weaverville,Buncombe,NC,35.729,-82.557,"Rural (< 5,000)",4476,2,4.05,0.056,250.0,265007,16,0.6,0.54,Yes,0.11774028610565,31202,Yes,Yes,1.000000
Dollar General,Haw River,Alamance,NC,36.091,-79.38,"Rural (< 5,000)",2581,1,4.15,0.17,440.0,169230,26,1.54,1.5,Yes,0.141482006736394,23943,Yes,Yes,0.929840
Dollar General,Grifton,Pitt,NC,35.373,-77.441,"Rural (< 5,000)",2624,1,4.21,0.313,821.0,166082,23,1.38,1.35,Yes,0.194030659553714,32225,Yes,Yes,0.000000
Dollar General,Granite Falls,Caldwell,NC,35.795,-81.527,"Rural (< 5,000)",4753,2,4.24,0.151,718.0,79545,11,1.38,1.2,Yes,0.126808724621284,10087,Yes,Yes,0.909366
Dollar General,Granite Falls,Caldwell,NC,35.81,-81.449,"Rural (< 5,000)",4753,2,4.24,0.151,718.0,79545,11,1.38,1.2,Yes,0.126808724621284,10087,Yes,Yes,0.909366
Dollar General,Mount Olive,Wayne,NC,35.171,-78.012,"Rural (< 5,000)",3709,2,4.26,0.217,805.0,114923,20,1.74,1.62,Yes,0.169121933816555,19436,Yes,Yes,0.000000
Dollar General,Mount Olive,Wayne,NC,35.214,-78.06,"Rural (< 5,000)",3709,2,4.26,0.217,805.0,114923,20,1.74,1.62,Yes,0.169121933816555,19436,Yes,Yes,0.000000
Dollar General,Farmville,Pitt,NC,35.58,-77.592,"Rural (< 5,000)",4441,2,4.3,0.27,1197.0,166082,23,1.38,1.3,Yes,0.194030659553714,32225,Yes,Yes,0.981843
Dollar General,Farmville,Pitt,NC,35.611,-77.595,"Rural (< 5,000)",4441,2,4.3,0.27,1197.0,166082,23,1.38,1.3,Yes,0.194030659553714,32225,Yes,Yes,0.981843
Dollar General,Sneads Ferry,Onslow,NC,34.551,-77.428,"Rural (< 5,000)",2556,2,4.35,0.197,504.0,186008,17,0.91,0.82,Yes,0.117167003569739,21794,Yes,Yes,0.000000
Dollar General,Sneads Ferry,Onslow,NC,34.524,-77.435,"Rural (< 5,000)",2556,2,4.35,0.197,504.0,186008,17,0.91,0.82,Yes,0.117167003569739,21794,Yes,Yes,0.000000
Dollar General,Creedmoor,Granville,NC,36.141,-78.716,"Rural (< 5,000)",4941,2,4.39,0.122,601.0,57048,9,1.58,1.34,Yes,0.14058336839153,8020,Yes,Yes,0.963009
Dollar General,Creedmoor,Granville,NC,36.116,-78.687,"Rural (< 5,000)",4941,2,4.39,0.122,601.0,57048,9,1.58,1.34,Yes,0.14058336839153,8020,Yes,Yes,0.963009
Dollar General,Lenoir,Caldwell,NC,35.907,-81.383,"Urban (5,000+)",17804,8,4.47,0.129,2295.0,79545,11,1.38,0.49,Yes,0.126808724621284,10087,Yes,No,0.990083
Dollar General,Lenoir,Caldwell,NC,35.919,-81.523,"Urban (5,000+)",17804,8,4.47,0.129,2295.0,79545,11,1.38,0.49,Yes,0.126808724621284,10087,Yes,No,0.990083
Dollar General,Lenoir,Caldwell,NC,35.833,-81.582,"Urban (5,000+)",17804,8,4.47,0.129,2295.0,79545,11,1.38,0.49,Yes,0.126808724621284,10087,Yes,No,0.990083
Dollar General,Lenoir,Caldwell,NC,35.871,-81.537,"Urban (5,000+)",17804,8,4.47,0.129,2295.0,79545,11,1.38,0.49,Yes,0.126808724621284,10087,Yes,No,0.990083
Dollar General,Lenoir,Caldwell,NC,35.925,-81.504,"Urban (5,000+)",17804,8,4.47,0.129,2295.0,79545,11,1.38,0.49,Yes,0.126808724621284,10087,Yes,No,0.990083
Dollar General,Lenoir,Caldwell,NC,35.865,-81.6,"Urban (5,000+)",17804,8,4.47,0.129,2295.0,79545,11,1.38,0.49,Yes,0.126808724621284,10087,Yes,No,0.990083
Dollar General,Lenoir,Caldwell,NC,35.851,-81.539,"Urban (5,000+)",17804,8,4.47,0.129,2295.0,79545,11,1.38,0.49,Yes,0.126808724621284,10087,Yes,No,0.990083
Dollar General,Lenoir,Caldwell,NC,35.896,-81.567,"Urban (5,000+)",17804,8,4.47,0.129,2295.0,79545,11,1.38,0.49,Yes,0.126808724621284,10087,Yes,No,0.990083
Dollar General,Yanceyville,Caswell,NC,36.412,-79.345,"Rural (< 5,000)",1792,1,4.49,0.343,615.0,21161,5,2.36,2.07,Yes,0.157128680119087,3325,Yes,Yes,0.000000
Dollar General,Randleman,Randolph,NC,35.879,-79.797,"Rural (< 5,000)",4596,2,4.49,0.338,1553.0,143617,20,1.39,1.29,Yes,0.147649651503652,21205,Yes,Yes,0.965397
Dollar General,Randleman,Randolph,NC,35.803,-79.807,"Rural (< 5,000)",4596,2,4.49,0.338,1553.0,143617,20,1.39,1.29,Yes,0.147649651503652,21205,Yes,Yes,0.965397
Dollar General,Saint Pauls,Robeson,NC,34.803,-78.977,"Rural (< 5,000)",2628,1,4.52,0.389,1022.0,113440,28,2.47,2.44,Yes,0.28774682651622,32642,Yes,Yes,0.000000
Dollar General,Polkton,Anson,NC,35.002,-80.205,"Rural (< 5,000)",1113,1,4.55,0.281,313.0,19973,5,2.5,2.12,Yes,0.212036248936064,4235,Yes,Yes,0.000000
Dollar General,Princeville,Edgecombe,NC,35.89,-77.528,"Rural (< 5,000)",1499,1,4.55,0.241,361.0,48062,5,1.04,0.86,Yes,0.218800715742166,10516,Yes,Yes,0.992823
Dollar General,Coats,Harnett,NC,35.415,-78.675,"Rural (< 5,000)",2018,1,4.63,0.241,486.0,133246,11,0.83,0.76,Yes,0.145355207661018,19368,Yes,Yes,0.000000
Dollar General,Oxford,Granville,NC,36.323,-78.596,"Urban (5,000+)",8489,4,4.64,0.253,2147.0,57048,9,1.58,1.03,Yes,0.14058336839153,8020,Yes,No,0.955610
Dollar General,Oxford,Granville,NC,36.316,-78.549,"Urban (5,000+)",8489,4,4.64,0.253,2147.0,57048,9,1.58,1.03,Yes,0.14058336839153,8020,Yes,No,0.955610
Dollar General,Oxford,Granville,NC,36.312,-78.74,"Urban (5,000+)",8489,4,4.64,0.253,2147.0,57048,9,1.58,1.03,Yes,0.14058336839153,8020,Yes,No,0.955610
Dollar General,Oxford,Granville,NC,36.355,-78.63,"Urban (5,000+)",8489,4,4.64,0.253,2147.0,57048,9,1.58,1.03,Yes,0.14058336839153,8020,Yes,No,0.955610
Dollar General,Henderson,Vance,NC,36.279,-78.371,"Urban (5,000+)",14562,7,4.65,0.274,3997.0,41868,10,2.39,1.1,Yes,0.189548103563581,7936,Yes,No,1.000000
Dollar General,Henderson,Vance,NC,36.247,-78.331,"Urban (5,000+)",14562,7,4.65,0.274,3997.0,41868,10,2.39,1.1,Yes,0.189548103563581,7936,Yes,No,1.000000
Dollar General,Henderson,Vance,NC,36.281,-78.406,"Urban (5,000+)",14562,7,4.65,0.274,3997.0,41868,10,2.39,1.1,Yes,0.189548103563581,7936,Yes,No,1.000000
Dollar General,Henderson,Vance,NC,36.317,-78.412,"Urban (5,000+)",14562,7,4.65,0.274,3997.0,41868,10,2.39,1.1,Yes,0.189548103563581,7936,Yes,No,1.000000
Dollar General,Henderson,Vance,NC,36.349,-78.361,"Urban (5,000+)",14562,7,4.65,0.274,3997.0,41868,10,2.39,1.1,Yes,0.189548103563581,7936,Yes,No,1.000000
Dollar General,Henderson,Vance,NC,36.315,-78.363,"Urban (5,000+)",14562,7,4.65,0.274,3997.0,41868,10,2.39,1.1,Yes,0.189548103563581,7936,Yes,No,1.000000
Dollar General,Henderson,Vance,NC,36.344,-78.393,"Urban (5,000+)",14562,7,4.65,0.274,3997.0,41868,10,2.39,1.1,Yes,0.189548103563581,7936,Yes,No,1.000000
Dollar General,Clinton,Sampson,NC,34.992,-78.307,"Urban (5,000+)",7515,4,4.68,0.236,1776.0,57941,11,1.9,1.39,Yes,0.202395540290986,11727,Yes,No,0.999284
Dollar General,Clinton,Sampson,NC,35.013,-78.321,"Urban (5,000+)",7515,4,4.68,0.236,1776.0,57941,11,1.9,1.39,Yes,0.202395540290986,11727,Yes,No,0.999284
Dollar General,Clinton,Sampson,NC,35.107,-78.319,"Urban (5,000+)",7515,4,4.68,0.236,1776.0,57941,11,1.9,1.39,Yes,0.202395540290986,11727,Yes,No,0.999284
Dollar General,Clinton,Sampson,NC,35.043,-78.36,"Urban (5,000+)",7515,4,4.68,0.236,1776.0,57941,11,1.9,1.39,Yes,0.202395540290986,11727,Yes,No,0.999284
Dollar General,Eden,Rockingham,NC,36.535,-79.802,"Urban (5,000+)",14805,7,4.73,0.198,2934.0,89541,19,2.12,1.61,Yes,0.168481477758792,15086,Yes,No,0.960379
Dollar General,Eden,Rockingham,NC,36.515,-79.761,"Urban (5,000+)",14805,7,4.73,0.198,2934.0,89541,19,2.12,1.61,Yes,0.168481477758792,15086,Yes,No,0.960379
Dollar General,Eden,Rockingham,NC,36.492,-79.74,"Urban (5,000+)",14805,7,4.73,0.198,2934.0,89541,19,2.12,1.61,Yes,0.168481477758792,15086,Yes,No,0.960379
Dollar General,Eden,Rockingham,NC,36.477,-79.795,"Urban (5,000+)",14805,7,4.73,0.198,2934.0,89541,19,2.12,1.61,Yes,0.168481477758792,15086,Yes,No,0.960379
Dollar General,Eden,Rockingham,NC,36.492,-79.763,"Urban (5,000+)",14805,7,4.73,0.198,2934.0,89541,19,2.12,1.61,Yes,0.168481477758792,15086,Yes,No,0.960379
Dollar General,Eden,Rockingham,NC,36.512,-79.701,"Urban (5,000+)",14805,7,4.73,0.198,2934.0,89541,19,2.12,1.61,Yes,0.168481477758792,15086,Yes,No,0.960379
Dollar General,Eden,Rockingham,NC,36.464,-79.726,"Urban (5,000+)",14805,7,4.73,0.198,2934.0,89541,19,2.12,1.61,Yes,0.168481477758792,15086,Yes,No,0.960379
Dollar General,China Grove,Rowan,NC,35.567,-80.543,"Rural (< 5,000)",4462,2,4.76,0.184,819.0,144491,18,1.25,1.14,Yes,0.158355883757466,22881,Yes,Yes,0.989851
Dollar General,China Grove,Rowan,NC,35.566,-80.578,"Rural (< 5,000)",4462,2,4.76,0.184,819.0,144491,18,1.25,1.14,Yes,0.158355883757466,22881,Yes,Yes,0.989851
Dollar General,Lumberton,Robeson,NC,34.621,-79.007,"Urban (5,000+)",17781,10,4.81,0.31,5509.0,113440,28,2.47,1.88,Yes,0.28774682651622,32642,Yes,No,0.929829
Dollar General,Lumberton,Robeson,NC,34.643,-78.999,"Urban (5,000+)",17781,10,4.81,0.31,5509.0,113440,28,2.47,1.88,Yes,0.28774682651622,32642,Yes,No,0.929829
Dollar General,Lumberton,Robeson,NC,34.645,-78.926,"Urban (5,000+)",17781,10,4.81,0.31,5509.0,113440,28,2.47,1.88,Yes,0.28774682651622,32642,Yes,No,0.929829
Dollar General,Lumberton,Robeson,NC,34.603,-79.028,"Urban (5,000+)",17781,10,4.81,0.31,5509.0,113440,28,2.47,1.88,Yes,0.28774682651622,32642,Yes,No,0.929829
Dollar General,Lumberton,Robeson,NC,34.636,-78.971,"Urban (5,000+)",17781,10,4.81,0.31,5509.0,113440,28,2.47,1.88,Yes,0.28774682651622,32642,Yes,No,0.929829
Dollar General,Lumberton,Robeson,NC,34.593,-78.927,"Urban (5,000+)",17781,10,4.81,0.31,5509.0,113440,28,2.47,1.88,Yes,0.28774682651622,32642,Yes,No,0.929829
Dollar General,Lumberton,Robeson,NC,34.614,-78.979,"Urban (5,000+)",17781,10,4.81,0.31,5509.0,113440,28,2.47,1.88,Yes,0.28774682651622,32642,Yes,No,0.929829
Dollar General,Lumberton,Robeson,NC,34.624,-79.044,"Urban (5,000+)",17781,10,4.81,0.31,5509.0,113440,28,2.47,1.88,Yes,0.28774682651622,32642,Yes,No,0.929829
Dollar General,Lumberton,Robeson,NC,34.625,-79.056,"Urban (5,000+)",17781,10,4.81,0.31,5509.0,113440,28,2.47,1.88,Yes,0.28774682651622,32642,Yes,No,0.929829
Dollar General,Lumberton,Robeson,NC,34.715,-79.002,"Urban (5,000+)",17781,10,4.81,0.31,5509.0,113440,28,2.47,1.88,Yes,0.28774682651622,32642,Yes,No,0.929829
Dollar General,Southport,Brunswick,NC,33.939,-78.062,"Rural (< 5,000)",3996,2,4.81,0.053,213.0,144672,22,1.52,1.42,Yes,0.0937983853129839,13570,Yes,Yes,0.999245
Dollar General,Southport,Brunswick,NC,34.027,-78.066,"Rural (< 5,000)",3996,2,4.81,0.053,213.0,144672,22,1.52,1.42,Yes,0.0937983853129839,13570,Yes,Yes,0.999245
Dollar General,Spindale,Rutherford,NC,35.343,-81.917,"Rural (< 5,000)",3883,2,4.82,0.169,655.0,63623,16,2.51,2.34,Yes,0.175974097417601,11196,Yes,Yes,0.928757
Dollar General,Spindale,Rutherford,NC,35.368,-81.941,"Rural (< 5,000)",3883,2,4.82,0.169,655.0,63623,16,2.51,2.34,Yes,0.175974097417601,11196,Yes,Yes,0.928757
Dollar General,Hamlet,Richmond,NC,34.865,-79.736,"Urban (5,000+)",5898,3,4.85,0.221,1303.0,41632,10,2.4,1.96,Yes,0.251681398923905,10478,Yes,No,0.987718
Dollar General,Hamlet,Richmond,NC,34.878,-79.675,"Urban (5,000+)",5898,3,4.85,0.221,1303.0,41632,10,2.4,1.96,Yes,0.251681398923905,10478,Yes,No,0.987718
Dollar General,Hamlet,Richmond,NC,34.893,-79.7,"Urban (5,000+)",5898,3,4.85,0.221,1303.0,41632,10,2.4,1.96,Yes,0.251681398923905,10478,Yes,No,0.987718
Dollar General,Waynesville,Haywood,NC,35.525,-82.985,"Urban (5,000+)",10126,5,4.88,0.153,1553.0,61714,10,1.62,0.97,Yes,0.112778299899537,6960,Yes,No,0.977712
Dollar General,Waynesville,Haywood,NC,35.501,-82.984,"Urban (5,000+)",10126,5,4.88,0.153,1553.0,61714,10,1.62,0.97,Yes,0.112778299899537,6960,Yes,No,0.977712
Dollar General,Waynesville,Haywood,NC,35.546,-82.953,"Urban (5,000+)",10126,5,4.88,0.153,1553.0,61714,10,1.62,0.97,Yes,0.112778299899537,6960,Yes,No,0.977712
Dollar General,Waynesville,Haywood,NC,35.576,-83.016,"Urban (5,000+)",10126,5,4.88,0.153,1553.0,61714,10,1.62,0.97,Yes,0.112778299899537,6960,Yes,No,0.977712
Dollar General,Waynesville,Haywood,NC,35.522,-83.026,"Urban (5,000+)",10126,5,4.88,0.153,1553.0,61714,10,1.62,0.97,Yes,0.112778299899537,6960,Yes,No,0.977712
Dollar General,Conover,Catawba,NC,35.782,-81.231,"Urban (5,000+)",8299,4,4.9,0.124,1028.0,158926,27,1.7,1.53,Yes,0.128210613744762,20376,Yes,No,0.984800
Dollar General,Conover,Catawba,NC,35.813,-81.189,"Urban (5,000+)",8299,4,4.9,0.124,1028.0,158926,27,1.7,1.53,Yes,0.128210613744762,20376,Yes,No,0.984800
Dollar General,Conover,Catawba,NC,35.698,-81.224,"Urban (5,000+)",8299,4,4.9,0.124,1028.0,158926,27,1.7,1.53,Yes,0.128210613744762,20376,Yes,No,0.984800
Dollar General,Conover,Catawba,NC,35.702,-81.199,"Urban (5,000+)",8299,4,4.9,0.124,1028.0,158926,27,1.7,1.53,Yes,0.128210613744762,20376,Yes,No,0.984800
Dollar General,Reidsville,Rockingham,NC,36.364,-79.618,"Urban (5,000+)",13995,7,4.91,0.249,3478.0,89541,19,2.12,1.59,Yes,0.168481477758792,15086,Yes,No,0.977645
Dollar General,Reidsville,Rockingham,NC,36.312,-79.631,"Urban (5,000+)",13995,7,4.91,0.249,3478.0,89541,19,2.12,1.59,Yes,0.168481477758792,15086,Yes,No,0.977645
Dollar General,Reidsville,Rockingham,NC,36.34,-79.659,"Urban (5,000+)",13995,7,4.91,0.249,3478.0,89541,19,2.12,1.59,Yes,0.168481477758792,15086,Yes,No,0.977645
Dollar General,Reidsville,Rockingham,NC,36.34,-79.692,"Urban (5,000+)",13995,7,4.91,0.249,3478.0,89541,19,2.12,1.59,Yes,0.168481477758792,15086,Yes,No,0.977645
Dollar General,Reidsville,Rockingham,NC,36.382,-79.664,"Urban (5,000+)",13995,7,4.91,0.249,3478.0,89541,19,2.12,1.59,Yes,0.168481477758792,15086,Yes,No,0.977645
Dollar General,Reidsville,Rockingham,NC,36.295,-79.66,"Urban (5,000+)",13995,7,4.91,0.249,3478.0,89541,19,2.12,1.59,Yes,0.168481477758792,15086,Yes,No,0.977645
Dollar General,Reidsville,Rockingham,NC,36.385,-79.744,"Urban (5,000+)",13995,7,4.91,0.249,3478.0,89541,19,2.12,1.59,Yes,0.168481477758792,15086,Yes,No,0.977645
Dollar General,Stanley,Gaston,NC,35.355,-81.088,"Rural (< 5,000)",3869,2,4.99,0.066,257.0,227676,22,0.97,0.89,Yes,0.127611166745726,29054,Yes,Yes,1.000000
Dollar General,Stanley,Gaston,NC,35.417,-81.01,"Rural (< 5,000)",3869,2,4.99,0.066,257.0,227676,22,0.97,0.89,Yes,0.127611166745726,29054,Yes,Yes,1.000000
Dollar General,Pine Level,Johnston,NC,35.51,-78.252,"Rural (< 5,000)",2059,1,5.0,0.074,153.0,223985,19,0.85,0.81,Yes,0.11190481505458,25065,Yes,Yes,0.879277
Dollar General,Brevard,Transylvania,NC,35.205,-82.716,"Urban (5,000+)",6969,4,5.0,0.172,1198.0,32275,6,1.86,0.79,Yes,0.141781564678544,4576,Yes,No,0.982051
Dollar General,Brevard,Transylvania,NC,35.169,-82.808,"Urban (5,000+)",6969,4,5.0,0.172,1198.0,32275,6,1.86,0.79,Yes,0.141781564678544,4576,Yes,No,0.982051
Dollar General,Brevard,Transylvania,NC,35.224,-82.742,"Urban (5,000+)",6969,4,5.0,0.172,1198.0,32275,6,1.86,0.79,Yes,0.141781564678544,4576,Yes,No,0.982051
Dollar General,Brevard,Transylvania,NC,35.158,-82.708,"Urban (5,000+)",6969,4,5.0,0.172,1198.0,32275,6,1.86,0.79,Yes,0.141781564678544,4576,Yes,No,0.982051
Dollar General,Oakboro,Stanly,NC,35.269,-80.352,"Rural (< 5,000)",2445,2,5.12,0.056,136.0,61509,15,2.44,2.2,Yes,0.142499471622039,8765,Yes,Yes,0.000000
Dollar General,Oakboro,Stanly,NC,35.223,-80.32,"Rural (< 5,000)",2445,2,5.12,0.056,136.0,61509,15,2.44,2.2,Yes,0.142499471622039,8765,Yes,Yes,0.000000
Dollar General,Scotland Neck,Halifax,NC,36.126,-77.423,"Rural (< 5,000)",2040,1,5.15,0.477,973.0,47012,11,2.34,2.22,Yes,0.251552795031056,11826,Yes,Yes,0.000000
Dollar General,Morganton,Burke,NC,35.736,-81.682,"Urban (5,000+)",16694,9,5.22,0.299,4992.0,85482,15,1.75,0.87,Yes,0.179289207084532,15326,Yes,No,0.968925
Dollar General,Morganton,Burke,NC,35.778,-81.757,"Urban (5,000+)",16694,9,5.22,0.299,4992.0,85482,15,1.75,0.87,Yes,0.179289207084532,15326,Yes,No,0.968925
Dollar General,Morganton,Burke,NC,35.811,-81.66,"Urban (5,000+)",16694,9,5.22,0.299,4992.0,85482,15,1.75,0.87,Yes,0.179289207084532,15326,Yes,No,0.968925
Dollar General,Morganton,Burke,NC,35.711,-81.638,"Urban (5,000+)",16694,9,5.22,0.299,4992.0,85482,15,1.75,0.87,Yes,0.179289207084532,15326,Yes,No,0.968925
Dollar General,Morganton,Burke,NC,35.754,-81.719,"Urban (5,000+)",16694,9,5.22,0.299,4992.0,85482,15,1.75,0.87,Yes,0.179289207084532,15326,Yes,No,0.968925
Dollar General,Morganton,Burke,NC,35.753,-81.656,"Urban (5,000+)",16694,9,5.22,0.299,4992.0,85482,15,1.75,0.87,Yes,0.179289207084532,15326,Yes,No,0.968925
Dollar General,Morganton,Burke,NC,35.652,-81.762,"Urban (5,000+)",16694,9,5.22,0.299,4992.0,85482,15,1.75,0.87,Yes,0.179289207084532,15326,Yes,No,0.968925
Dollar General,Morganton,Burke,NC,35.712,-81.7,"Urban (5,000+)",16694,9,5.22,0.299,4992.0,85482,15,1.75,0.87,Yes,0.179289207084532,15326,Yes,No,0.968925
Dollar General,Morganton,Burke,NC,35.698,-81.839,"Urban (5,000+)",16694,9,5.22,0.299,4992.0,85482,15,1.75,0.87,Yes,0.179289207084532,15326,Yes,No,0.968925
Dollar General,Pisgah Forest,Transylvania,NC,35.273,-82.645,"Rural (< 5,000)",1900,1,5.26,,,32275,6,1.86,1.65,Yes,0.141781564678544,4576,Yes,Yes,
Dollar General,Washington,Beaufort,NC,35.506,-76.992,"Urban (5,000+)",9412,5,5.26,0.197,1856.0,44028,9,2.04,1.16,Yes,0.180135368401926,7931,Yes,No,0.992304
Dollar General,Washington,Beaufort,NC,35.529,-76.951,"Urban (5,000+)",9412,5,5.26,0.197,1856.0,44028,9,2.04,1.16,Yes,0.180135368401926,7931,Yes,No,0.992304
Dollar General,Washington,Beaufort,NC,35.609,-77.153,"Urban (5,000+)",9412,5,5.26,0.197,1856.0,44028,9,2.04,1.16,Yes,0.180135368401926,7931,Yes,No,0.992304
Dollar General,Washington,Beaufort,NC,35.545,-77.028,"Urban (5,000+)",9412,5,5.26,0.197,1856.0,44028,9,2.04,1.16,Yes,0.180135368401926,7931,Yes,No,0.992304
Dollar General,Washington,Beaufort,NC,41.307,-91.714,"Urban (5,000+)",9412,5,5.26,0.197,1856.0,44028,9,2.04,1.16,Yes,0.180135368401926,7931,Yes,No,0.992304
Dollar General,Hildebran,Burke,NC,35.708,-81.422,"Rural (< 5,000)",1860,1,5.29,0.19,354.0,85482,15,1.75,1.67,Yes,0.179289207084532,15326,Yes,Yes,1.000000
Dollar General,Richlands,Onslow,NC,34.895,-77.549,"Rural (< 5,000)",2387,1,5.29,0.104,248.0,186008,17,0.91,0.87,Yes,0.117167003569739,21794,Yes,Yes,0.000000
Dollar General,Rockingham,Richmond,NC,34.92,-79.784,"Urban (5,000+)",8886,5,5.37,0.338,3004.0,41632,10,2.4,1.53,Yes,0.251681398923905,10478,Yes,No,0.995672
Dollar General,Rockingham,Richmond,NC,34.956,-79.704,"Urban (5,000+)",8886,5,5.37,0.338,3004.0,41632,10,2.4,1.53,Yes,0.251681398923905,10478,Yes,No,0.995672
Dollar General,Rockingham,Richmond,NC,34.94,-79.773,"Urban (5,000+)",8886,5,5.37,0.338,3004.0,41632,10,2.4,1.53,Yes,0.251681398923905,10478,Yes,No,0.995672
Dollar General,Rockingham,Richmond,NC,34.949,-79.745,"Urban (5,000+)",8886,5,5.37,0.338,3004.0,41632,10,2.4,1.53,Yes,0.251681398923905,10478,Yes,No,0.995672
Dollar General,Rockingham,Richmond,NC,34.928,-79.751,"Urban (5,000+)",8886,5,5.37,0.338,3004.0,41632,10,2.4,1.53,Yes,0.251681398923905,10478,Yes,No,0.995672
Dollar General,Kings Mountain,Cleveland,NC,35.238,-81.334,"Urban (5,000+)",11303,6,5.41,0.237,2680.0,98200,24,2.44,2.07,Yes,0.17235234215886,16925,Yes,No,0.962843
Dollar General,Kings Mountain,Cleveland,NC,35.348,-81.35,"Urban (5,000+)",11303,6,5.41,0.237,2680.0,98200,24,2.44,2.07,Yes,0.17235234215886,16925,Yes,No,0.962843
Dollar General,Kings Mountain,Cleveland,NC,35.274,-81.424,"Urban (5,000+)",11303,6,5.41,0.237,2680.0,98200,24,2.44,2.07,Yes,0.17235234215886,16925,Yes,No,0.962843
Dollar General,Kings Mountain,Cleveland,NC,35.268,-81.366,"Urban (5,000+)",11303,6,5.41,0.237,2680.0,98200,24,2.44,2.07,Yes,0.17235234215886,16925,Yes,No,0.962843
Dollar General,Kings Mountain,Cleveland,NC,35.209,-81.392,"Urban (5,000+)",11303,6,5.41,0.237,2680.0,98200,24,2.44,2.07,Yes,0.17235234215886,16925,Yes,No,0.962843
Dollar General,Kings Mountain,Cleveland,NC,35.239,-81.366,"Urban (5,000+)",11303,6,5.41,0.237,2680.0,98200,24,2.44,2.07,Yes,0.17235234215886,16925,Yes,No,0.962843
Dollar General,Lincolnton,Lincoln,NC,35.482,-81.206,"Urban (5,000+)",11210,6,5.42,0.184,2058.0,89512,12,1.34,0.77,Yes,0.0904571454106712,8097,Yes,No,1.000000
Dollar General,Lincolnton,Lincoln,NC,35.505,-81.24,"Urban (5,000+)",11210,6,5.42,0.184,2058.0,89512,12,1.34,0.77,Yes,0.0904571454106712,8097,Yes,No,1.000000
Dollar General,Lincolnton,Lincoln,NC,35.465,-81.27,"Urban (5,000+)",11210,6,5.42,0.184,2058.0,89512,12,1.34,0.77,Yes,0.0904571454106712,8097,Yes,No,1.000000
Dollar General,Lincolnton,Lincoln,NC,35.469,-81.242,"Urban (5,000+)",11210,6,5.42,0.184,2058.0,89512,12,1.34,0.77,Yes,0.0904571454106712,8097,Yes,No,1.000000
Dollar General,Lincolnton,Lincoln,NC,35.541,-81.117,"Urban (5,000+)",11210,6,5.42,0.184,2058.0,89512,12,1.34,0.77,Yes,0.0904571454106712,8097,Yes,No,1.000000
Dollar General,Lincolnton,Lincoln,NC,35.413,-81.203,"Urban (5,000+)",11210,6,5.42,0.184,2058.0,89512,12,1.34,0.77,Yes,0.0904571454106712,8097,Yes,No,1.000000
Dollar General,Wallace,Duplin,NC,34.74,-77.973,"Rural (< 5,000)",3352,2,5.5,0.203,682.0,48673,14,2.88,2.65,Yes,0.178908224272184,8708,Yes,Yes,0.000000
Dollar General,Wallace,Duplin,NC,34.752,-77.998,"Rural (< 5,000)",3352,2,5.5,0.203,682.0,48673,14,2.88,2.65,Yes,0.178908224272184,8708,Yes,Yes,0.000000
Dollar General,Williamston,Martin,NC,35.847,-77.052,"Urban (5,000+)",5026,3,5.51,0.306,1537.0,21311,5,2.35,1.23,Yes,0.19642438177467,4186,Yes,No,0.975419
Dollar General,Williamston,Martin,NC,35.839,-77.088,"Urban (5,000+)",5026,3,5.51,0.306,1537.0,21311,5,2.35,1.23,Yes,0.19642438177467,4186,Yes,No,0.975419
Dollar General,Williamston,Martin,NC,35.77,-77.124,"Urban (5,000+)",5026,3,5.51,0.306,1537.0,21311,5,2.35,1.23,Yes,0.19642438177467,4186,Yes,No,0.975419
Dollar General,Chadbourn,Columbus,NC,34.333,-78.826,"Rural (< 5,000)",1343,1,5.53,0.508,682.0,47923,17,3.55,3.43,Yes,0.187926465371534,9006,Yes,Yes,0.000000
Dollar General,Sparta,Alleghany,NC,36.51,-81.123,"Rural (< 5,000)",1852,1,5.54,0.212,392.0,10970,2,1.82,1.1,Yes,0.17383773928897,1907,Yes,Yes,0.000000
Dollar General,Zebulon,Wake,NC,35.733,-78.296,"Urban (5,000+)",7868,4,5.54,0.122,962.0,1129229,22,0.19,0.16,Yes,0.079316064323534,89566,Yes,No,0.970158
Dollar General,Zebulon,Wake,NC,35.853,-78.336,"Urban (5,000+)",7868,4,5.54,0.122,962.0,1129229,22,0.19,0.16,Yes,0.079316064323534,89566,Yes,No,0.970158
Dollar General,Zebulon,Wake,NC,35.821,-78.326,"Urban (5,000+)",7868,4,5.54,0.122,962.0,1129229,22,0.19,0.16,Yes,0.079316064323534,89566,Yes,No,0.970158
Dollar General,Zebulon,Wake,NC,35.817,-78.374,"Urban (5,000+)",7868,4,5.54,0.122,962.0,1129229,22,0.19,0.16,Yes,0.079316064323534,89566,Yes,No,0.970158
Dollar General,Winnabow,Brunswick,NC,34.118,-78.109,"Rural (< 5,000)",1800,1,5.56,,,144672,22,1.52,1.47,Yes,0.0937983853129839,13570,Yes,Yes,
Dollar General,Hays,Wilkes,NC,36.25,-81.113,"Rural (< 5,000)",1355,1,5.56,0.044,60.0,64649,14,2.17,2.05,Yes,0.164318086900029,10623,Yes,Yes,0.000000
Dollar General,Mount Pleasant,Cabarrus,NC,35.41,-80.438,"Rural (< 5,000)",1823,1,5.6,0.069,126.0,229228,11,0.48,0.44,Yes,0.089212487130717,20450,Yes,Yes,0.000000
Dollar General,Sunset Beach,Brunswick,NC,33.937,-78.502,"Rural (< 5,000)",4326,2,5.6,0.06,260.0,144672,22,1.52,1.43,Yes,0.0937983853129839,13570,Yes,Yes,1.000000
Dollar General,Sunset Beach,Brunswick,NC,33.887,-78.51,"Rural (< 5,000)",4326,2,5.6,0.06,260.0,144672,22,1.52,1.43,Yes,0.0937983853129839,13570,Yes,Yes,1.000000
Dollar General,Shelby,Cleveland,NC,35.257,-81.565,"Urban (5,000+)",21535,12,5.61,0.182,3920.0,98200,24,2.44,1.57,Yes,0.17235234215886,16925,Yes,No,0.965553
Dollar General,Shelby,Cleveland,NC,35.27,-81.492,"Urban (5,000+)",21535,12,5.61,0.182,3920.0,98200,24,2.44,1.57,Yes,0.17235234215886,16925,Yes,No,0.965553
Dollar General,Shelby,Cleveland,NC,35.255,-81.668,"Urban (5,000+)",21535,12,5.61,0.182,3920.0,98200,24,2.44,1.57,Yes,0.17235234215886,16925,Yes,No,0.965553
Dollar General,Shelby,Cleveland,NC,35.295,-81.615,"Urban (5,000+)",21535,12,5.61,0.182,3920.0,98200,24,2.44,1.57,Yes,0.17235234215886,16925,Yes,No,0.965553
Dollar General,Shelby,Cleveland,NC,35.331,-81.5,"Urban (5,000+)",21535,12,5.61,0.182,3920.0,98200,24,2.44,1.57,Yes,0.17235234215886,16925,Yes,No,0.965553
Dollar General,Shelby,Cleveland,NC,35.236,-81.665,"Urban (5,000+)",21535,12,5.61,0.182,3920.0,98200,24,2.44,1.57,Yes,0.17235234215886,16925,Yes,No,0.965553
Dollar General,Shelby,Cleveland,NC,35.292,-81.535,"Urban (5,000+)",21535,12,5.61,0.182,3920.0,98200,24,2.44,1.57,Yes,0.17235234215886,16925,Yes,No,0.965553
Dollar General,Shelby,Cleveland,NC,35.359,-81.573,"Urban (5,000+)",21535,12,5.61,0.182,3920.0,98200,24,2.44,1.57,Yes,0.17235234215886,16925,Yes,No,0.965553
Dollar General,Shelby,Cleveland,NC,35.306,-81.523,"Urban (5,000+)",21535,12,5.61,0.182,3920.0,98200,24,2.44,1.57,Yes,0.17235234215886,16925,Yes,No,0.965553
Dollar General,Shelby,Cleveland,NC,35.416,-81.645,"Urban (5,000+)",21535,12,5.61,0.182,3920.0,98200,24,2.44,1.57,Yes,0.17235234215886,16925,Yes,No,0.965553
Dollar General,Shelby,Cleveland,NC,35.281,-81.548,"Urban (5,000+)",21535,12,5.61,0.182,3920.0,98200,24,2.44,1.57,Yes,0.17235234215886,16925,Yes,No,0.965553
Dollar General,Shelby,Cleveland,NC,35.246,-81.51,"Urban (5,000+)",21535,12,5.61,0.182,3920.0,98200,24,2.44,1.57,Yes,0.17235234215886,16925,Yes,No,0.965553
Dollar General,Biscoe,Montgomery,NC,35.362,-79.767,"Rural (< 5,000)",2099,1,5.64,0.374,785.0,25033,6,2.4,2.18,Yes,0.160867654695802,4027,Yes,Yes,0.000000
Dollar General,Fairview,Buncombe,NC,35.537,-82.434,"Rural (< 5,000)",2327,2,5.71,0.121,282.0,265007,16,0.6,0.53,Yes,0.11774028610565,31202,Yes,Yes,0.000000
Dollar General,Fairview,Buncombe,NC,35.518,-82.403,"Rural (< 5,000)",2327,2,5.71,0.121,282.0,265007,16,0.6,0.53,Yes,0.11774028610565,31202,Yes,Yes,0.000000
Dollar General,Swansboro,Onslow,NC,34.743,-77.088,"Rural (< 5,000)",3887,2,5.71,0.096,374.0,186008,17,0.91,0.82,Yes,0.117167003569739,21794,Yes,Yes,1.000000
Dollar General,Swansboro,Onslow,NC,34.704,-77.158,"Rural (< 5,000)",3887,2,5.71,0.096,374.0,186008,17,0.91,0.82,Yes,0.117167003569739,21794,Yes,Yes,1.000000
Dollar General,Badin,Stanly,NC,35.404,-80.118,"Rural (< 5,000)",1343,1,5.79,0.233,313.0,61509,15,2.44,2.33,Yes,0.142499471622039,8765,Yes,Yes,0.000000
Dollar General,Jefferson,Ashe,NC,36.419,-81.448,"Rural (< 5,000)",1597,1,5.97,0.257,411.0,26504,5,1.89,1.61,Yes,0.140507093268941,3724,Yes,Yes,0.000000
Dollar General,Dallas,Gaston,NC,35.302,-81.159,"Urban (5,000+)",5988,3,6.0,0.088,526.0,227676,22,0.97,0.86,Yes,0.127611166745726,29054,Yes,No,0.997132
Dollar General,Dallas,Gaston,NC,35.329,-81.229,"Urban (5,000+)",5988,3,6.0,0.088,526.0,227676,22,0.97,0.86,Yes,0.127611166745726,29054,Yes,No,0.997132
Dollar General,Dallas,Gaston,NC,35.317,-81.191,"Urban (5,000+)",5988,3,6.0,0.088,526.0,227676,22,0.97,0.86,Yes,0.127611166745726,29054,Yes,No,0.997132
Dollar General,Red Springs,Robeson,NC,34.807,-79.169,"Rural (< 5,000)",3093,2,6.01,0.391,1208.0,113440,28,2.47,2.36,Yes,0.28774682651622,32642,Yes,Yes,0.000000
Dollar General,Red Springs,Robeson,NC,34.887,-79.207,"Rural (< 5,000)",3093,2,6.01,0.391,1208.0,113440,28,2.47,2.36,Yes,0.28774682651622,32642,Yes,Yes,0.000000
Dollar General,Selma,Johnston,NC,35.529,-78.296,"Urban (5,000+)",6606,4,6.02,0.271,1793.0,223985,19,0.85,0.69,Yes,0.11190481505458,25065,Yes,No,0.961216
Dollar General,Selma,Johnston,NC,35.61,-78.295,"Urban (5,000+)",6606,4,6.02,0.271,1793.0,223985,19,0.85,0.69,Yes,0.11190481505458,25065,Yes,No,0.961216
Dollar General,Selma,Johnston,NC,35.544,-78.279,"Urban (5,000+)",6606,4,6.02,0.271,1793.0,223985,19,0.85,0.69,Yes,0.11190481505458,25065,Yes,No,0.961216
Dollar General,Selma,Johnston,NC,35.659,-78.31,"Urban (5,000+)",6606,4,6.02,0.271,1793.0,223985,19,0.85,0.69,Yes,0.11190481505458,25065,Yes,No,0.961216
Dollar General,Roxboro,Person,NC,36.344,-78.897,"Urban (5,000+)",7851,5,6.04,0.337,2649.0,38934,8,2.05,0.97,Yes,0.184466019417476,7182,Yes,No,0.991763
Dollar General,Roxboro,Person,NC,36.409,-78.974,"Urban (5,000+)",7851,5,6.04,0.337,2649.0,38934,8,2.05,0.97,Yes,0.184466019417476,7182,Yes,No,0.991763
Dollar General,Roxboro,Person,NC,36.411,-79.044,"Urban (5,000+)",7851,5,6.04,0.337,2649.0,38934,8,2.05,0.97,Yes,0.184466019417476,7182,Yes,No,0.991763
Dollar General,Roxboro,Person,NC,36.372,-78.979,"Urban (5,000+)",7851,5,6.04,0.337,2649.0,38934,8,2.05,0.97,Yes,0.184466019417476,7182,Yes,No,0.991763
Dollar General,Roxboro,Person,NC,36.434,-78.902,"Urban (5,000+)",7851,5,6.04,0.337,2649.0,38934,8,2.05,0.97,Yes,0.184466019417476,7182,Yes,No,0.991763
Dollar General,Manteo,Dare,NC,35.897,-75.668,"Rural (< 5,000)",1853,1,6.18,0.232,430.0,37352,3,0.8,0.56,Yes,0.0754176483186978,2817,Yes,Yes,0.919375
Dollar General,Belhaven,Beaufort,NC,35.549,-76.631,"Rural (< 5,000)",1412,1,6.23,0.455,643.0,44028,9,2.04,1.88,Yes,0.180135368401926,7931,Yes,Yes,0.000000
Dollar General,Harkers Island,Carteret,NC,34.697,-76.57,"Rural (< 5,000)",1080,1,6.25,0.119,129.0,67511,15,2.22,2.11,Yes,0.100442890788168,6781,Yes,Yes,0.000000
Dollar General,Lake Waccamaw,Columbus,NC,34.323,-78.52,"Rural (< 5,000)",1461,1,6.3,0.068,100.0,47923,17,3.55,3.44,Yes,0.187926465371534,9006,Yes,Yes,0.000000
Dollar General,Lexington,Davidson,NC,35.763,-80.263,"Urban (5,000+)",18898,13,6.36,0.254,4794.0,169012,24,1.42,0.73,Yes,0.138256455162947,23367,Yes,No,0.973716
Dollar General,Lexington,Davidson,NC,35.859,-80.38,"Urban (5,000+)",18898,13,6.36,0.254,4794.0,169012,24,1.42,0.73,Yes,0.138256455162947,23367,Yes,No,0.973716
Dollar General,Lexington,Davidson,NC,35.803,-80.162,"Urban (5,000+)",18898,13,6.36,0.254,4794.0,169012,24,1.42,0.73,Yes,0.138256455162947,23367,Yes,No,0.973716
Dollar General,Lexington,Davidson,NC,35.742,-80.228,"Urban (5,000+)",18898,13,6.36,0.254,4794.0,169012,24,1.42,0.73,Yes,0.138256455162947,23367,Yes,No,0.973716
Dollar General,Lexington,Davidson,NC,35.807,-80.374,"Urban (5,000+)",18898,13,6.36,0.254,4794.0,169012,24,1.42,0.73,Yes,0.138256455162947,23367,Yes,No,0.973716
Dollar General,Lexington,Davidson,NC,35.816,-80.199,"Urban (5,000+)",18898,13,6.36,0.254,4794.0,169012,24,1.42,0.73,Yes,0.138256455162947,23367,Yes,No,0.973716
Dollar General,Lexington,Davidson,NC,35.833,-80.274,"Urban (5,000+)",18898,13,6.36,0.254,4794.0,169012,24,1.42,0.73,Yes,0.138256455162947,23367,Yes,No,0.973716
Dollar General,Lexington,Davidson,NC,35.877,-80.319,"Urban (5,000+)",18898,13,6.36,0.254,4794.0,169012,24,1.42,0.73,Yes,0.138256455162947,23367,Yes,No,0.973716
Dollar General,Lexington,Davidson,NC,35.688,-80.269,"Urban (5,000+)",18898,13,6.36,0.254,4794.0,169012,24,1.42,0.73,Yes,0.138256455162947,23367,Yes,No,0.973716
Dollar General,Lexington,Davidson,NC,35.821,-80.239,"Urban (5,000+)",18898,13,6.36,0.254,4794.0,169012,24,1.42,0.73,Yes,0.138256455162947,23367,Yes,No,0.973716
Dollar General,Lexington,Davidson,NC,35.817,-80.262,"Urban (5,000+)",18898,13,6.36,0.254,4794.0,169012,24,1.42,0.73,Yes,0.138256455162947,23367,Yes,No,0.973716
Dollar General,Lexington,Davidson,NC,35.846,-80.255,"Urban (5,000+)",18898,13,6.36,0.254,4794.0,169012,24,1.42,0.73,Yes,0.138256455162947,23367,Yes,No,0.973716
Dollar General,Lexington,Davidson,NC,35.855,-80.194,"Urban (5,000+)",18898,13,6.36,0.254,4794.0,169012,24,1.42,0.73,Yes,0.138256455162947,23367,Yes,No,0.973716
Dollar General,Robersonville,Martin,NC,35.832,-77.254,"Rural (< 5,000)",1319,1,6.61,0.191,252.0,21311,5,2.35,2.0,Yes,0.19642438177467,4186,Yes,Yes,0.000000
Dollar General,Grandy,Currituck,NC,36.244,-75.88,"Rural (< 5,000)",2443,1,6.67,0.05,122.0,29434,6,2.04,1.85,Yes,0.0763742610586397,2248,Yes,Yes,0.000000
Dollar General,Atlantic Beach,Carteret,NC,34.699,-76.777,"Rural (< 5,000)",1705,1,6.69,0.185,315.0,67511,15,2.22,2.13,Yes,0.100442890788168,6781,Yes,Yes,1.000000
Dollar General,Bethel,Pitt,NC,35.809,-77.372,"Rural (< 5,000)",1528,1,6.77,0.12,183.0,166082,23,1.38,1.34,Yes,0.194030659553714,32225,Yes,Yes,0.000000
Dollar General,Forest City,Rutherford,NC,35.334,-81.865,"Urban (5,000+)",7294,5,6.92,0.336,2449.0,63623,16,2.51,1.95,Yes,0.175974097417601,11196,Yes,No,0.986038
Dollar General,Forest City,Rutherford,NC,35.34,-81.873,"Urban (5,000+)",7294,5,6.92,0.336,2449.0,63623,16,2.51,1.95,Yes,0.175974097417601,11196,Yes,No,0.986038
Dollar General,Forest City,Rutherford,NC,35.321,-81.879,"Urban (5,000+)",7294,5,6.92,0.336,2449.0,63623,16,2.51,1.95,Yes,0.175974097417601,11196,Yes,No,0.986038
Dollar General,Forest City,Rutherford,NC,35.236,-81.85,"Urban (5,000+)",7294,5,6.92,0.336,2449.0,63623,16,2.51,1.95,Yes,0.175974097417601,11196,Yes,No,0.986038
Dollar General,Forest City,Rutherford,NC,35.299,-81.909,"Urban (5,000+)",7294,5,6.92,0.336,2449.0,63623,16,2.51,1.95,Yes,0.175974097417601,11196,Yes,No,0.986038
Dollar General,Beaufort,Carteret,NC,34.806,-76.672,"Rural (< 5,000)",4385,3,6.95,0.142,623.0,67511,15,2.22,1.9,Yes,0.100442890788168,6781,Yes,Yes,0.981183
Dollar General,Beaufort,Carteret,NC,34.732,-76.637,"Rural (< 5,000)",4385,3,6.95,0.142,623.0,67511,15,2.22,1.9,Yes,0.100442890788168,6781,Yes,Yes,0.981183
Dollar General,Beaufort,Carteret,NC,34.719,-76.66,"Rural (< 5,000)",4385,3,6.95,0.142,623.0,67511,15,2.22,1.9,Yes,0.100442890788168,6781,Yes,Yes,0.981183
Dollar General,Troutman,Iredell,NC,35.701,-80.888,"Rural (< 5,000)",3807,2,7.02,0.033,124.0,189857,21,1.11,1.02,Yes,0.0909684657400043,17271,Yes,Yes,0.778799
Dollar General,Troutman,Iredell,NC,35.669,-80.853,"Rural (< 5,000)",3807,2,7.02,0.033,124.0,189857,21,1.11,1.02,Yes,0.0909684657400043,17271,Yes,Yes,0.778799
Dollar General,Canton,Haywood,NC,35.471,-82.89,"Rural (< 5,000)",4320,3,7.1,0.118,511.0,61714,10,1.62,1.22,Yes,0.112778299899537,6960,Yes,Yes,0.993894
Dollar General,Canton,Haywood,NC,35.533,-82.86,"Rural (< 5,000)",4320,3,7.1,0.118,511.0,61714,10,1.62,1.22,Yes,0.112778299899537,6960,Yes,Yes,0.993894
Dollar General,Canton,Haywood,NC,35.495,-82.871,"Rural (< 5,000)",4320,3,7.1,0.118,511.0,61714,10,1.62,1.22,Yes,0.112778299899537,6960,Yes,Yes,0.993894
Dollar General,Glen Alpine,Burke,NC,35.728,-81.779,"Rural (< 5,000)",1956,1,7.11,0.132,259.0,85482,15,1.75,1.68,Yes,0.179289207084532,15326,Yes,Yes,0.792675
Dollar General,Pinebluff,Moore,NC,35.111,-79.471,"Rural (< 5,000)",1723,1,7.15,0.041,70.0,101170,15,1.48,1.41,Yes,0.0996046258772363,10077,Yes,Yes,0.887984
Dollar General,Fremont,Wayne,NC,35.538,-77.979,"Rural (< 5,000)",933,1,7.24,0.319,298.0,114923,20,1.74,1.67,Yes,0.169121933816555,19436,Yes,Yes,0.000000
Dollar General,Carthage,Moore,NC,35.342,-79.405,"Rural (< 5,000)",2698,2,7.24,0.136,368.0,101170,15,1.48,1.32,Yes,0.0996046258772363,10077,Yes,Yes,0.000000
Dollar General,Carthage,Moore,NC,35.225,-79.402,"Rural (< 5,000)",2698,2,7.24,0.136,368.0,101170,15,1.48,1.32,Yes,0.0996046258772363,10077,Yes,Yes,0.000000
Dollar General,West Jefferson,Ashe,NC,36.38,-81.487,"Rural (< 5,000)",1500,1,7.31,0.153,229.0,26504,5,1.89,1.6,Yes,0.140507093268941,3724,Yes,Yes,0.000000
Dollar General,Clyde,Haywood,NC,35.532,-82.908,"Rural (< 5,000)",1522,1,7.32,0.063,96.0,61714,10,1.62,1.5,Yes,0.112778299899537,6960,Yes,Yes,1.000000
Dollar General,Princeton,Johnston,NC,35.471,-78.165,"Rural (< 5,000)",1538,1,7.39,0.106,163.0,223985,19,0.85,0.81,Yes,0.11190481505458,25065,Yes,Yes,0.000000
Dollar General,Stony Point,Alexander,NC,35.856,-81.037,"Rural (< 5,000)",1301,1,7.41,0.038,49.0,34841,6,1.72,1.49,Yes,0.120662437932321,4204,Yes,Yes,0.000000
Dollar General,La Grange,Lenoir,NC,35.307,-77.83,"Rural (< 5,000)",2692,2,7.48,0.29,780.0,53873,11,2.04,1.76,Yes,0.224602305422011,12100,Yes,Yes,0.000000
Dollar General,La Grange,Lenoir,NC,35.302,-77.781,"Rural (< 5,000)",2692,2,7.48,0.29,780.0,53873,11,2.04,1.76,Yes,0.224602305422011,12100,Yes,Yes,0.000000
Dollar General,Rutherfordton,Rutherford,NC,35.353,-81.962,"Rural (< 5,000)",3459,3,7.5,0.191,660.0,63623,16,2.51,2.16,Yes,0.175974097417601,11196,Yes,Yes,0.963736
Dollar General,Rutherfordton,Rutherford,NC,35.328,-81.949,"Rural (< 5,000)",3459,3,7.5,0.191,660.0,63623,16,2.51,2.16,Yes,0.175974097417601,11196,Yes,Yes,0.963736
Dollar General,Rutherfordton,Rutherford,NC,35.392,-81.937,"Rural (< 5,000)",3459,3,7.5,0.191,660.0,63623,16,2.51,2.16,Yes,0.175974097417601,11196,Yes,Yes,0.963736
Dollar General,Marion,McDowell,NC,35.691,-82.064,"Urban (5,000+)",6487,6,7.62,0.242,1568.0,43337,11,2.54,1.36,Yes,0.139765096799502,6057,Yes,No,0.884800
Dollar General,Marion,McDowell,NC,35.69,-81.998,"Urban (5,000+)",6487,6,7.62,0.242,1568.0,43337,11,2.54,1.36,Yes,0.139765096799502,6057,Yes,No,0.884800
Dollar General,Marion,McDowell,NC,35.582,-82.044,"Urban (5,000+)",6487,6,7.62,0.242,1568.0,43337,11,2.54,1.36,Yes,0.139765096799502,6057,Yes,No,0.884800
Dollar General,Marion,McDowell,NC,35.797,-82.034,"Urban (5,000+)",6487,6,7.62,0.242,1568.0,43337,11,2.54,1.36,Yes,0.139765096799502,6057,Yes,No,0.884800
Dollar General,Marion,McDowell,NC,35.701,-82.027,"Urban (5,000+)",6487,6,7.62,0.242,1568.0,43337,11,2.54,1.36,Yes,0.139765096799502,6057,Yes,No,0.884800
Dollar General,Marion,McDowell,NC,35.64,-81.985,"Urban (5,000+)",6487,6,7.62,0.242,1568.0,43337,11,2.54,1.36,Yes,0.139765096799502,6057,Yes,No,0.884800
Dollar General,Buxton,Dare,NC,35.266,-75.53,"Rural (< 5,000)",1451,1,7.69,0.078,113.0,37352,3,0.8,0.56,Yes,0.0754176483186978,2817,Yes,Yes,0.000000
Dollar General,West End,Moore,NC,35.212,-79.511,"Rural (< 5,000)",2600,2,7.69,,,101170,15,1.48,1.32,Yes,0.0996046258772363,10077,Yes,Yes,
Dollar General,West End,Moore,NC,35.266,-79.588,"Rural (< 5,000)",2600,2,7.69,,,101170,15,1.48,1.32,Yes,0.0996046258772363,10077,Yes,Yes,
Dollar General,Pinetops,Edgecombe,NC,35.79,-77.633,"Rural (< 5,000)",1317,1,7.92,0.184,242.0,48062,5,1.04,0.86,Yes,0.218800715742166,10516,Yes,Yes,0.000000
Dollar General,Boonville,Yadkin,NC,36.233,-80.71,"Rural (< 5,000)",1502,1,8.04,0.131,197.0,37017,9,2.43,2.25,Yes,0.136423805278656,5050,Yes,Yes,0.000000
Dollar General,Maiden,Catawba,NC,35.562,-81.197,"Rural (< 5,000)",3458,3,8.2,0.128,442.0,158926,27,1.7,1.54,Yes,0.128210613744762,20376,Yes,Yes,0.947002
Dollar General,Maiden,Catawba,NC,35.597,-81.255,"Rural (< 5,000)",3458,3,8.2,0.128,442.0,158926,27,1.7,1.54,Yes,0.128210613744762,20376,Yes,Yes,0.947002
Dollar General,Maiden,Catawba,NC,35.561,-81.062,"Rural (< 5,000)",3458,3,8.2,0.128,442.0,158926,27,1.7,1.54,Yes,0.128210613744762,20376,Yes,Yes,0.947002
Dollar General,Maggie Valley,Haywood,NC,35.512,-83.073,"Rural (< 5,000)",2271,1,8.22,0.118,269.0,61714,10,1.62,1.51,Yes,0.112778299899537,6960,Yes,Yes,0.945465
Dollar General,Marshville,Union,NC,34.985,-80.374,"Rural (< 5,000)",2473,2,8.3,0.18,446.0,241896,12,0.5,0.42,Yes,0.0766031683037338,18530,Yes,Yes,0.000000
Dollar General,Marshville,Union,NC,35.132,-80.37,"Rural (< 5,000)",2473,2,8.3,0.18,446.0,241896,12,0.5,0.42,Yes,0.0766031683037338,18530,Yes,Yes,0.000000
Dollar General,Advance,Davie,NC,36.007,-80.436,"Rural (< 5,000)",1544,1,8.33,0.056,87.0,43186,9,2.08,1.92,Yes,0.0998008613902654,4310,Yes,Yes,0.000000
Dollar General,Holly Ridge,Onslow,NC,34.537,-77.504,"Rural (< 5,000)",4532,2,8.35,0.008,38.0,186008,17,0.91,0.83,Yes,0.117167003569739,21794,Yes,Yes,0.000000
Dollar General,Holly Ridge,Onslow,NC,34.499,-77.493,"Rural (< 5,000)",4532,2,8.35,0.008,38.0,186008,17,0.91,0.83,Yes,0.117167003569739,21794,Yes,Yes,0.000000
Dollar General,Roseboro,Sampson,NC,34.956,-78.51,"Rural (< 5,000)",1006,1,8.35,0.375,377.0,57941,11,1.9,1.76,Yes,0.202395540290986,11727,Yes,Yes,0.000000
Dollar General,Jonesville,Yadkin,NC,36.24,-80.844,"Rural (< 5,000)",2782,2,8.36,0.232,646.0,37017,9,2.43,2.04,Yes,0.136423805278656,5050,Yes,Yes,0.000000
Dollar General,Jonesville,Yadkin,NC,36.194,-80.81,"Rural (< 5,000)",2782,2,8.36,0.232,646.0,37017,9,2.43,2.04,Yes,0.136423805278656,5050,Yes,Yes,0.000000
Dollar General,Edenton,Chowan,NC,36.061,-76.618,"Rural (< 5,000)",4266,4,8.56,0.357,1524.0,13584,5,3.68,1.07,Yes,0.205388692579505,2790,Yes,Yes,0.970628
Dollar General,Edenton,Chowan,NC,36.076,-76.596,"Rural (< 5,000)",4266,4,8.56,0.357,1524.0,13584,5,3.68,1.07,Yes,0.205388692579505,2790,Yes,Yes,0.970628
Dollar General,Edenton,Chowan,NC,36.138,-76.659,"Rural (< 5,000)",4266,4,8.56,0.357,1524.0,13584,5,3.68,1.07,Yes,0.205388692579505,2790,Yes,Yes,0.970628
Dollar General,Edenton,Chowan,NC,36.1,-76.533,"Rural (< 5,000)",4266,4,8.56,0.357,1524.0,13584,5,3.68,1.07,Yes,0.205388692579505,2790,Yes,Yes,0.970628
Dollar General,Madison,Rockingham,NC,36.328,-79.946,"Rural (< 5,000)",2198,2,8.6,0.094,206.0,89541,19,2.12,1.95,Yes,0.168481477758792,15086,Yes,Yes,1.000000
Dollar General,Madison,Rockingham,NC,36.385,-79.959,"Rural (< 5,000)",2198,2,8.6,0.094,206.0,89541,19,2.12,1.95,Yes,0.168481477758792,15086,Yes,Yes,1.000000
Dollar General,Broadway,Lee,NC,35.46,-79.053,"Rural (< 5,000)",1417,1,8.7,0.198,281.0,63282,11,1.74,1.62,Yes,0.154656932461047,9787,Yes,Yes,0.000000
Dollar General,Ellerbe,Richmond,NC,35.062,-79.763,"Rural (< 5,000)",1070,1,8.72,0.16,171.0,41632,10,2.4,2.22,Yes,0.251681398923905,10478,Yes,Yes,0.000000
Dollar General,Plymouth,Washington,NC,35.848,-76.755,"Rural (< 5,000)",3155,3,8.83,0.345,1089.0,10649,5,4.7,2.67,Yes,0.247065452155132,2631,Yes,Yes,0.000000
Dollar General,Plymouth,Washington,NC,35.862,-76.733,"Rural (< 5,000)",3155,3,8.83,0.345,1089.0,10649,5,4.7,2.67,Yes,0.247065452155132,2631,Yes,Yes,0.000000
Dollar General,Plymouth,Washington,NC,35.872,-76.694,"Rural (< 5,000)",3155,3,8.83,0.345,1089.0,10649,5,4.7,2.67,Yes,0.247065452155132,2631,Yes,Yes,0.000000
Dollar General,Benson,Johnston,NC,35.321,-78.456,"Rural (< 5,000)",4054,3,8.95,0.329,1333.0,223985,19,0.85,0.73,Yes,0.11190481505458,25065,Yes,Yes,0.000000
Dollar General,Benson,Johnston,NC,35.377,-78.555,"Rural (< 5,000)",4054,3,8.95,0.329,1333.0,223985,19,0.85,0.73,Yes,0.11190481505458,25065,Yes,Yes,0.000000
Dollar General,Benson,Johnston,NC,35.516,-78.562,"Rural (< 5,000)",4054,3,8.95,0.329,1333.0,223985,19,0.85,0.73,Yes,0.11190481505458,25065,Yes,Yes,0.000000
Dollar General,Stoneville,Rockingham,NC,36.468,-79.907,"Rural (< 5,000)",1208,1,9.03,0.233,281.0,89541,19,2.12,2.04,Yes,0.168481477758792,15086,Yes,Yes,0.000000
Dollar General,Linwood,Davidson,NC,35.736,-80.377,"Rural (< 5,000)",1100,1,9.09,,,169012,24,1.42,1.37,Yes,0.138256455162947,23367,Yes,Yes,
Dollar General,Calabash,Brunswick,NC,33.936,-78.571,"Rural (< 5,000)",2397,2,9.1,0.207,495.0,144672,22,1.52,1.41,Yes,0.0937983853129839,13570,Yes,Yes,0.971656
Dollar General,Calabash,Brunswick,NC,33.898,-78.552,"Rural (< 5,000)",2397,2,9.1,0.207,495.0,144672,22,1.52,1.41,Yes,0.0937983853129839,13570,Yes,Yes,0.971656
Dollar General,Spruce Pine,Mitchell,NC,35.894,-82.067,"Rural (< 5,000)",2297,2,9.14,0.182,418.0,14580,4,2.74,1.63,Yes,0.129561042524006,1889,Yes,Yes,0.000000
Dollar General,Spruce Pine,Mitchell,NC,35.922,-82.051,"Rural (< 5,000)",2297,2,9.14,0.182,418.0,14580,4,2.74,1.63,Yes,0.129561042524006,1889,Yes,Yes,0.000000
Dollar General,Maysville,Jones,NC,34.898,-77.232,"Rural (< 5,000)",978,1,9.16,0.218,213.0,9131,3,3.29,2.45,Yes,0.212682072062206,1942,Yes,Yes,0.000000
Dollar General,Lucama,Wilson,NC,35.649,-78.001,"Rural (< 5,000)",1087,1,9.2,0.264,287.0,77254,12,1.55,1.44,Yes,0.210034431874078,16226,Yes,Yes,0.000000
Dollar General,Shallotte,Brunswick,NC,33.941,-78.411,"Rural (< 5,000)",4365,4,9.4,0.099,431.0,144672,22,1.52,1.28,Yes,0.0937983853129839,13570,Yes,Yes,0.000239
Dollar General,Shallotte,Brunswick,NC,33.919,-78.407,"Rural (< 5,000)",4365,4,9.4,0.099,431.0,144672,22,1.52,1.28,Yes,0.0937983853129839,13570,Yes,Yes,0.000239
Dollar General,Shallotte,Brunswick,NC,33.968,-78.39,"Rural (< 5,000)",4365,4,9.4,0.099,431.0,144672,22,1.52,1.28,Yes,0.0937983853129839,13570,Yes,Yes,0.000239
Dollar General,Shallotte,Brunswick,NC,33.979,-78.371,"Rural (< 5,000)",4365,4,9.4,0.099,431.0,144672,22,1.52,1.28,Yes,0.0937983853129839,13570,Yes,Yes,0.000239
Dollar General,Rowland,Robeson,NC,34.539,-79.29,"Rural (< 5,000)",949,1,9.54,0.333,316.0,113440,28,2.47,2.4,Yes,0.28774682651622,32642,Yes,Yes,0.000000
Dollar General,Columbus,Polk,NC,35.243,-82.208,"Rural (< 5,000)",1111,1,9.55,0.152,169.0,19354,6,3.1,2.74,Yes,0.136560917639764,2643,Yes,Yes,0.000000
Dollar General,Highlands,Macon,NC,35.087,-83.175,"Rural (< 5,000)",1254,1,9.76,0.128,161.0,37071,8,2.16,1.95,Yes,0.143966982277252,5337,Yes,Yes,0.000000
Dollar General,Whiteville,Columbus,NC,34.203,-78.762,"Rural (< 5,000)",4482,5,9.92,0.162,728.0,47923,17,3.55,2.76,Yes,0.187926465371534,9006,Yes,Yes,0.951951
Dollar General,Whiteville,Columbus,NC,34.313,-78.713,"Rural (< 5,000)",4482,5,9.92,0.162,728.0,47923,17,3.55,2.76,Yes,0.187926465371534,9006,Yes,Yes,0.951951
Dollar General,Whiteville,Columbus,NC,34.238,-78.675,"Rural (< 5,000)",4482,5,9.92,0.162,728.0,47923,17,3.55,2.76,Yes,0.187926465371534,9006,Yes,Yes,0.951951
Dollar General,Whiteville,Columbus,NC,34.168,-78.597,"Rural (< 5,000)",4482,5,9.92,0.162,728.0,47923,17,3.55,2.76,Yes,0.187926465371534,9006,Yes,Yes,0.951951
Dollar General,Whiteville,Columbus,NC,34.371,-78.716,"Rural (< 5,000)",4482,5,9.92,0.162,728.0,47923,17,3.55,2.76,Yes,0.187926465371534,9006,Yes,Yes,0.951951
Dollar General,Youngsville,Franklin,NC,36.023,-78.461,"Rural (< 5,000)",2581,2,9.94,0.126,326.0,70540,10,1.42,1.18,Yes,0.100907286645875,7118,Yes,Yes,0.984127
Dollar General,Youngsville,Franklin,NC,35.983,-78.383,"Rural (< 5,000)",2581,2,9.94,0.126,326.0,70540,10,1.42,1.18,Yes,0.100907286645875,7118,Yes,Yes,0.984127
Dollar General,Lillington,Harnett,NC,35.389,-78.821,"Rural (< 5,000)",3497,5,9.95,0.063,220.0,133246,11,0.83,0.46,Yes,0.145355207661018,19368,Yes,Yes,0.576980
Dollar General,Lillington,Harnett,NC,35.346,-78.938,"Rural (< 5,000)",3497,5,9.95,0.063,220.0,133246,11,0.83,0.46,Yes,0.145355207661018,19368,Yes,Yes,0.576980
Dollar General,Lillington,Harnett,NC,35.391,-78.727,"Rural (< 5,000)",3497,5,9.95,0.063,220.0,133246,11,0.83,0.46,Yes,0.145355207661018,19368,Yes,Yes,0.576980
Dollar General,Lillington,Harnett,NC,35.419,-78.936,"Rural (< 5,000)",3497,5,9.95,0.063,220.0,133246,11,0.83,0.46,Yes,0.145355207661018,19368,Yes,Yes,0.576980
Dollar General,Lillington,Harnett,NC,35.42,-78.806,"Rural (< 5,000)",3497,5,9.95,0.063,220.0,133246,11,0.83,0.46,Yes,0.145355207661018,19368,Yes,Yes,0.576980
Dollar General,Peletier,Carteret,NC,34.714,-77.067,"Rural (< 5,000)",779,1,10.0,0.145,113.0,67511,15,2.22,2.1,Yes,0.100442890788168,6781,Yes,Yes,0.505852
Dollar General,Yadkinville,Yadkin,NC,36.133,-80.659,"Rural (< 5,000)",2656,3,10.17,0.23,611.0,37017,9,2.43,1.75,Yes,0.136423805278656,5050,Yes,Yes,0.000000
Dollar General,Yadkinville,Yadkin,NC,36.121,-80.546,"Rural (< 5,000)",2656,3,10.17,0.23,611.0,37017,9,2.43,1.75,Yes,0.136423805278656,5050,Yes,Yes,0.000000
Dollar General,Yadkinville,Yadkin,NC,36.086,-80.652,"Rural (< 5,000)",2656,3,10.17,0.23,611.0,37017,9,2.43,1.75,Yes,0.136423805278656,5050,Yes,Yes,0.000000
Dollar General,Mount Airy,Surry,NC,36.45,-80.65,"Urban (5,000+)",10339,11,10.42,0.271,2805.0,70238,19,2.71,1.34,Yes,0.166918192431447,11724,Yes,No,0.982671
Dollar General,Mount Airy,Surry,NC,36.475,-80.618,"Urban (5,000+)",10339,11,10.42,0.271,2805.0,70238,19,2.71,1.34,Yes,0.166918192431447,11724,Yes,No,0.982671
Dollar General,Mount Airy,Surry,NC,36.504,-80.678,"Urban (5,000+)",10339,11,10.42,0.271,2805.0,70238,19,2.71,1.34,Yes,0.166918192431447,11724,Yes,No,0.982671
Dollar General,Mount Airy,Surry,NC,36.553,-80.654,"Urban (5,000+)",10339,11,10.42,0.271,2805.0,70238,19,2.71,1.34,Yes,0.166918192431447,11724,Yes,No,0.982671
Dollar General,Mount Airy,Surry,NC,36.485,-80.589,"Urban (5,000+)",10339,11,10.42,0.271,2805.0,70238,19,2.71,1.34,Yes,0.166918192431447,11724,Yes,No,0.982671
Dollar General,Mount Airy,Surry,NC,36.507,-80.626,"Urban (5,000+)",10339,11,10.42,0.271,2805.0,70238,19,2.71,1.34,Yes,0.166918192431447,11724,Yes,No,0.982671
Dollar General,Mount Airy,Surry,NC,36.529,-80.589,"Urban (5,000+)",10339,11,10.42,0.271,2805.0,70238,19,2.71,1.34,Yes,0.166918192431447,11724,Yes,No,0.982671
Dollar General,Mount Airy,Surry,NC,36.504,-80.606,"Urban (5,000+)",10339,11,10.42,0.271,2805.0,70238,19,2.71,1.34,Yes,0.166918192431447,11724,Yes,No,0.982671
Dollar General,Mount Airy,Surry,NC,36.462,-80.558,"Urban (5,000+)",10339,11,10.42,0.271,2805.0,70238,19,2.71,1.34,Yes,0.166918192431447,11724,Yes,No,0.982671
Dollar General,Mount Airy,Surry,NC,36.512,-80.568,"Urban (5,000+)",10339,11,10.42,0.271,2805.0,70238,19,2.71,1.34,Yes,0.166918192431447,11724,Yes,No,0.982671
Dollar General,Mount Airy,Surry,NC,36.474,-80.774,"Urban (5,000+)",10339,11,10.42,0.271,2805.0,70238,19,2.71,1.34,Yes,0.166918192431447,11724,Yes,No,0.982671
Dollar General,Sylva,Jackson,NC,35.406,-83.159,"Rural (< 5,000)",2496,3,10.49,0.266,665.0,39227,6,1.53,0.82,Yes,0.193106788691463,7575,Yes,Yes,0.980993
Dollar General,Sylva,Jackson,NC,35.3,-83.263,"Rural (< 5,000)",2496,3,10.49,0.266,665.0,39227,6,1.53,0.82,Yes,0.193106788691463,7575,Yes,Yes,0.980993
Dollar General,Sylva,Jackson,NC,35.38,-83.21,"Rural (< 5,000)",2496,3,10.49,0.266,665.0,39227,6,1.53,0.82,Yes,0.193106788691463,7575,Yes,Yes,0.980993
Dollar General,Newport,Carteret,NC,34.713,-76.99,"Rural (< 5,000)",3905,5,10.73,0.099,387.0,67511,15,2.22,1.57,Yes,0.100442890788168,6781,Yes,Yes,0.913841
Dollar General,Newport,Carteret,NC,34.735,-76.853,"Rural (< 5,000)",3905,5,10.73,0.099,387.0,67511,15,2.22,1.57,Yes,0.100442890788168,6781,Yes,Yes,0.913841
Dollar General,Newport,Carteret,NC,34.698,-77.044,"Rural (< 5,000)",3905,5,10.73,0.099,387.0,67511,15,2.22,1.57,Yes,0.100442890788168,6781,Yes,Yes,0.913841
Dollar General,Newport,Carteret,NC,34.727,-76.93,"Rural (< 5,000)",3905,5,10.73,0.099,387.0,67511,15,2.22,1.57,Yes,0.100442890788168,6781,Yes,Yes,0.913841
Dollar General,Newport,Carteret,NC,34.792,-76.877,"Rural (< 5,000)",3905,5,10.73,0.099,387.0,67511,15,2.22,1.57,Yes,0.100442890788168,6781,Yes,Yes,0.913841
Dollar General,Garysburg,Northampton,NC,36.449,-77.56,"Rural (< 5,000)",636,1,10.99,0.167,106.0,16573,7,4.22,3.76,Yes,0.199782779219212,3311,Yes,Yes,0.977876
Dollar General,Magnolia,Duplin,NC,34.897,-78.054,"Rural (< 5,000)",1109,1,11.07,0.356,395.0,48673,14,2.88,2.73,Yes,0.178908224272184,8708,Yes,Yes,0.000000
Dollar General,Burnsville,Yancey,NC,35.916,-82.303,"Rural (< 5,000)",2023,2,11.1,0.255,515.0,18543,2,1.08,0.0,Yes,0.149005015369681,2763,Yes,Yes,0.000000
Dollar General,Burnsville,Yancey,NC,35.908,-82.195,"Rural (< 5,000)",2023,2,11.1,0.255,515.0,18543,2,1.08,0.0,Yes,0.149005015369681,2763,Yes,Yes,0.000000
Dollar General,Knotts Island,Currituck,NC,36.531,-75.925,"Rural (< 5,000)",900,1,11.11,,,29434,6,2.04,1.75,Yes,0.0763742610586397,2248,Yes,Yes,
Dollar General,Point Harbor,Currituck,NC,36.096,-75.811,"Rural (< 5,000)",900,1,11.11,,,29434,6,2.04,1.75,Yes,0.0763742610586397,2248,Yes,Yes,
Dollar General,Bunnlevel,Harnett,NC,35.306,-78.781,"Rural (< 5,000)",806,1,11.11,0.0,0.0,133246,11,0.83,0.76,Yes,0.145355207661018,19368,Yes,Yes,0.000000
Dollar General,Whittier,Jackson,NC,35.426,-83.328,"Rural (< 5,000)",0,1,11.11,,0.0,39227,6,1.53,1.27,Yes,0.193106788691463,7575,Yes,Yes,0.000000
Dollar General,Rougemont,Person,NC,36.217,-78.926,"Rural (< 5,000)",877,1,11.11,0.023,20.0,38934,8,2.05,1.84,Yes,0.184466019417476,7182,Yes,Yes,0.000000
Dollar General,Louisburg,Franklin,NC,36.093,-78.165,"Rural (< 5,000)",2394,4,11.15,0.371,887.0,70540,10,1.42,0.88,Yes,0.100907286645875,7118,Yes,Yes,0.000000
Dollar General,Louisburg,Franklin,NC,36.178,-78.296,"Rural (< 5,000)",2394,4,11.15,0.371,887.0,70540,10,1.42,0.88,Yes,0.100907286645875,7118,Yes,Yes,0.000000
Dollar General,Louisburg,Franklin,NC,36.097,-78.297,"Rural (< 5,000)",2394,4,11.15,0.371,887.0,70540,10,1.42,0.88,Yes,0.100907286645875,7118,Yes,Yes,0.000000
Dollar General,Louisburg,Franklin,NC,36.187,-78.104,"Rural (< 5,000)",2394,4,11.15,0.371,887.0,70540,10,1.42,0.88,Yes,0.100907286645875,7118,Yes,Yes,0.000000
Dollar General,Elizabethtown,Bladen,NC,34.626,-78.606,"Rural (< 5,000)",3068,4,11.16,0.341,1047.0,29221,10,3.42,2.29,Yes,0.212415728414496,6207,Yes,Yes,0.000000
Dollar General,Elizabethtown,Bladen,NC,34.648,-78.547,"Rural (< 5,000)",3068,4,11.16,0.341,1047.0,29221,10,3.42,2.29,Yes,0.212415728414496,6207,Yes,Yes,0.000000
Dollar General,Elizabethtown,Bladen,NC,34.631,-78.617,"Rural (< 5,000)",3068,4,11.16,0.341,1047.0,29221,10,3.42,2.29,Yes,0.212415728414496,6207,Yes,Yes,0.000000
Dollar General,Elizabethtown,Bladen,NC,34.8,-78.582,"Rural (< 5,000)",3068,4,11.16,0.341,1047.0,29221,10,3.42,2.29,Yes,0.212415728414496,6207,Yes,Yes,0.000000
Dollar General,Kenansville,Duplin,NC,34.958,-77.969,"Rural (< 5,000)",1077,1,11.19,0.227,244.0,48673,14,2.88,2.73,Yes,0.178908224272184,8708,Yes,Yes,0.000000
Dollar General,Cleveland,Rowan,NC,35.73,-80.695,"Rural (< 5,000)",1052,1,11.31,0.189,199.0,144491,18,1.25,1.19,Yes,0.158355883757466,22881,Yes,Yes,0.000000
Dollar General,Fair Bluff,Columbus,NC,34.315,-79.031,"Rural (< 5,000)",509,1,11.36,0.31,158.0,47923,17,3.55,3.37,Yes,0.187926465371534,9006,Yes,Yes,0.000000
Dollar General,Denton,Davidson,NC,35.629,-80.108,"Rural (< 5,000)",1246,2,11.37,0.151,188.0,169012,24,1.42,1.31,Yes,0.138256455162947,23367,Yes,Yes,0.000000
Dollar General,Denton,Davidson,NC,35.635,-80.112,"Rural (< 5,000)",1246,2,11.37,0.151,188.0,169012,24,1.42,1.31,Yes,0.138256455162947,23367,Yes,Yes,0.000000
Dollar General,Cooleemee,Davie,NC,35.812,-80.553,"Rural (< 5,000)",984,1,11.4,0.111,109.0,43186,9,2.08,1.9,Yes,0.0998008613902654,4310,Yes,Yes,0.000000
Dollar General,Columbia,Tyrrell,NC,35.919,-76.238,"Rural (< 5,000)",674,1,11.51,0.353,238.0,2812,1,3.56,0.0,Yes,0.208036984352774,585,Yes,Yes,0.000000
Dollar General,Taylorsville,Alexander,NC,35.922,-81.188,"Rural (< 5,000)",2224,3,11.51,0.278,619.0,34841,6,1.72,0.92,Yes,0.120662437932321,4204,Yes,Yes,0.000000
Dollar General,Taylorsville,Alexander,NC,35.97,-81.193,"Rural (< 5,000)",2224,3,11.51,0.278,619.0,34841,6,1.72,0.92,Yes,0.120662437932321,4204,Yes,Yes,0.000000
Dollar General,Taylorsville,Alexander,NC,35.841,-81.185,"Rural (< 5,000)",2224,3,11.51,0.278,619.0,34841,6,1.72,0.92,Yes,0.120662437932321,4204,Yes,Yes,0.000000
Dollar General,Andrews,Cherokee,NC,35.203,-83.823,"Rural (< 5,000)",1900,2,11.59,0.237,451.0,28841,7,2.43,1.86,Yes,0.146250130023231,4218,Yes,Yes,0.000000
Dollar General,Andrews,Cherokee,NC,35.2,-83.833,"Rural (< 5,000)",1900,2,11.59,0.237,451.0,28841,7,2.43,1.86,Yes,0.146250130023231,4218,Yes,Yes,0.000000
Dollar General,Rich Square,Northampton,NC,36.283,-77.279,"Rural (< 5,000)",663,1,11.63,0.294,195.0,16573,7,4.22,3.77,Yes,0.199782779219212,3311,Yes,Yes,0.000000
Dollar General,Tabor City,Columbus,NC,34.157,-78.861,"Rural (< 5,000)",2378,3,11.7,0.405,964.0,47923,17,3.55,3.07,Yes,0.187926465371534,9006,Yes,Yes,0.000000
Dollar General,Tabor City,Columbus,NC,34.102,-78.816,"Rural (< 5,000)",2378,3,11.7,0.405,964.0,47923,17,3.55,3.07,Yes,0.187926465371534,9006,Yes,Yes,0.000000
Dollar General,Tabor City,Columbus,NC,34.031,-78.639,"Rural (< 5,000)",2378,3,11.7,0.405,964.0,47923,17,3.55,3.07,Yes,0.187926465371534,9006,Yes,Yes,0.000000
Dollar General,Oriental,Pamlico,NC,35.04,-76.692,"Rural (< 5,000)",930,1,11.72,0.063,59.0,11433,4,3.5,2.86,Yes,0.123677075133386,1414,Yes,Yes,0.000000
Dollar General,Wilkesboro,Wilkes,NC,36.145,-81.312,"Rural (< 5,000)",3361,4,11.72,0.187,629.0,64649,14,2.17,1.63,Yes,0.164318086900029,10623,Yes,Yes,0.998101
Dollar General,Wilkesboro,Wilkes,NC,36.146,-81.161,"Rural (< 5,000)",3361,4,11.72,0.187,629.0,64649,14,2.17,1.63,Yes,0.164318086900029,10623,Yes,Yes,0.998101
Dollar General,Wilkesboro,Wilkes,NC,36.151,-81.208,"Rural (< 5,000)",3361,4,11.72,0.187,629.0,64649,14,2.17,1.63,Yes,0.164318086900029,10623,Yes,Yes,0.998101
Dollar General,Wilkesboro,Wilkes,NC,36.097,-81.176,"Rural (< 5,000)",3361,4,11.72,0.187,629.0,64649,14,2.17,1.63,Yes,0.164318086900029,10623,Yes,Yes,0.998101
Dollar General,Hiddenite,Alexander,NC,35.9,-81.093,"Rural (< 5,000)",224,1,11.76,0.375,84.0,34841,6,1.72,1.44,Yes,0.120662437932321,4204,Yes,Yes,0.000000
Dollar General,Pinnacle,Stokes,NC,36.324,-80.432,"Rural (< 5,000)",416,1,11.76,0.332,138.0,44124,8,1.81,1.6,Yes,0.119662768561327,5280,Yes,Yes,0.000000
Dollar General,North Wilkesboro,Wilkes,NC,36.236,-81.179,"Rural (< 5,000)",3830,5,11.78,0.211,808.0,64649,14,2.17,1.48,Yes,0.164318086900029,10623,Yes,Yes,0.957554
Dollar General,North Wilkesboro,Wilkes,NC,36.197,-81.152,"Rural (< 5,000)",3830,5,11.78,0.211,808.0,64649,14,2.17,1.48,Yes,0.164318086900029,10623,Yes,Yes,0.957554
Dollar General,North Wilkesboro,Wilkes,NC,36.16,-81.154,"Rural (< 5,000)",3830,5,11.78,0.211,808.0,64649,14,2.17,1.48,Yes,0.164318086900029,10623,Yes,Yes,0.957554
Dollar General,North Wilkesboro,Wilkes,NC,36.21,-81.056,"Rural (< 5,000)",3830,5,11.78,0.211,808.0,64649,14,2.17,1.48,Yes,0.164318086900029,10623,Yes,Yes,0.957554
Dollar General,North Wilkesboro,Wilkes,NC,36.145,-81.106,"Rural (< 5,000)",3830,5,11.78,0.211,808.0,64649,14,2.17,1.48,Yes,0.164318086900029,10623,Yes,Yes,0.957554
Dollar General,Star,Montgomery,NC,35.404,-79.784,"Rural (< 5,000)",1369,1,11.85,0.28,384.0,25033,6,2.4,2.11,Yes,0.160867654695802,4027,Yes,Yes,0.000000
Dollar General,Franklinton,Franklin,NC,36.141,-78.575,"Rural (< 5,000)",2562,3,12.01,0.108,276.0,70540,10,1.42,1.03,Yes,0.100907286645875,7118,Yes,Yes,0.000000
Dollar General,Franklinton,Franklin,NC,36.081,-78.54,"Rural (< 5,000)",2562,3,12.01,0.108,276.0,70540,10,1.42,1.03,Yes,0.100907286645875,7118,Yes,Yes,0.000000
Dollar General,Franklinton,Franklin,NC,36.103,-78.464,"Rural (< 5,000)",2562,3,12.01,0.108,276.0,70540,10,1.42,1.03,Yes,0.100907286645875,7118,Yes,Yes,0.000000
Dollar General,Tryon,Polk,NC,35.205,-82.238,"Rural (< 5,000)",1638,2,12.05,0.28,458.0,19354,6,3.1,2.26,Yes,0.136560917639764,2643,Yes,Yes,0.975672
Dollar General,Tryon,Polk,NC,35.248,-82.091,"Rural (< 5,000)",1638,2,12.05,0.28,458.0,19354,6,3.1,2.26,Yes,0.136560917639764,2643,Yes,Yes,0.975672
Dollar General,Candor,Montgomery,NC,35.296,-79.734,"Rural (< 5,000)",1278,1,12.06,0.223,285.0,25033,6,2.4,2.1,Yes,0.160867654695802,4027,Yes,Yes,0.000000
Dollar General,Fairmont,Robeson,NC,34.471,-79.2,"Rural (< 5,000)",2291,3,12.1,0.315,722.0,113440,28,2.47,2.25,Yes,0.28774682651622,32642,Yes,Yes,0.000000
Dollar General,Fairmont,Robeson,NC,34.496,-79.112,"Rural (< 5,000)",2291,3,12.1,0.315,722.0,113440,28,2.47,2.25,Yes,0.28774682651622,32642,Yes,Yes,0.000000
Dollar General,Fairmont,Robeson,NC,34.506,-79.112,"Rural (< 5,000)",2291,3,12.1,0.315,722.0,113440,28,2.47,2.25,Yes,0.28774682651622,32642,Yes,Yes,0.000000
Dollar General,Maxton,Robeson,NC,34.761,-79.338,"Rural (< 5,000)",2383,3,12.16,0.431,1026.0,113440,28,2.47,2.25,Yes,0.28774682651622,32642,Yes,Yes,0.000000
Dollar General,Maxton,Robeson,NC,34.638,-79.348,"Rural (< 5,000)",2383,3,12.16,0.431,1026.0,113440,28,2.47,2.25,Yes,0.28774682651622,32642,Yes,Yes,0.000000
Dollar General,Maxton,Robeson,NC,34.742,-79.363,"Rural (< 5,000)",2383,3,12.16,0.431,1026.0,113440,28,2.47,2.25,Yes,0.28774682651622,32642,Yes,Yes,0.000000
Dollar General,Ramseur,Randolph,NC,35.647,-79.617,"Rural (< 5,000)",1968,2,12.19,0.533,1048.0,143617,20,1.39,1.27,Yes,0.147649651503652,21205,Yes,Yes,0.000000
Dollar General,Ramseur,Randolph,NC,35.737,-79.659,"Rural (< 5,000)",1968,2,12.19,0.533,1048.0,143617,20,1.39,1.27,Yes,0.147649651503652,21205,Yes,Yes,0.000000
Dollar General,Mocksville,Davie,NC,35.884,-80.511,"Urban (5,000+)",5866,7,12.38,0.199,1167.0,43186,9,2.08,0.54,Yes,0.0998008613902654,4310,Yes,No,0.957119
Dollar General,Mocksville,Davie,NC,35.961,-80.535,"Urban (5,000+)",5866,7,12.38,0.199,1167.0,43186,9,2.08,0.54,Yes,0.0998008613902654,4310,Yes,No,0.957119
Dollar General,Mocksville,Davie,NC,35.926,-80.546,"Urban (5,000+)",5866,7,12.38,0.199,1167.0,43186,9,2.08,0.54,Yes,0.0998008613902654,4310,Yes,No,0.957119
Dollar General,Mocksville,Davie,NC,35.873,-80.555,"Urban (5,000+)",5866,7,12.38,0.199,1167.0,43186,9,2.08,0.54,Yes,0.0998008613902654,4310,Yes,No,0.957119
Dollar General,Mocksville,Davie,NC,36.028,-80.617,"Urban (5,000+)",5866,7,12.38,0.199,1167.0,43186,9,2.08,0.54,Yes,0.0998008613902654,4310,Yes,No,0.957119
Dollar General,Mocksville,Davie,NC,35.903,-80.691,"Urban (5,000+)",5866,7,12.38,0.199,1167.0,43186,9,2.08,0.54,Yes,0.0998008613902654,4310,Yes,No,0.957119
Dollar General,Mocksville,Davie,NC,35.917,-80.583,"Urban (5,000+)",5866,7,12.38,0.199,1167.0,43186,9,2.08,0.54,Yes,0.0998008613902654,4310,Yes,No,0.957119
Dollar General,Union Mills,Rutherford,NC,35.492,-81.979,"Rural (< 5,000)",800,1,12.5,,,63623,16,2.51,2.39,Yes,0.175974097417601,11196,Yes,Yes,
Dollar General,Deep Gap,Watauga,NC,36.239,-81.515,"Rural (< 5,000)",800,1,12.5,,,48636,6,1.23,1.05,Yes,0.246833621185953,12005,Yes,Yes,
Dollar General,Norwood,Stanly,NC,35.218,-80.114,"Rural (< 5,000)",3110,3,12.53,0.108,336.0,61509,15,2.44,2.05,Yes,0.142499471622039,8765,Yes,Yes,0.000000
Dollar General,Norwood,Stanly,NC,35.236,-80.137,"Rural (< 5,000)",3110,3,12.53,0.108,336.0,61509,15,2.44,2.05,Yes,0.142499471622039,8765,Yes,Yes,0.000000
Dollar General,Norwood,Stanly,NC,35.227,-80.223,"Rural (< 5,000)",3110,3,12.53,0.108,336.0,61509,15,2.44,2.05,Yes,0.142499471622039,8765,Yes,Yes,0.000000
Dollar General,Wagram,Scotland,NC,34.894,-79.361,"Rural (< 5,000)",899,1,12.55,0.089,80.0,32159,8,2.49,2.24,Yes,0.265679902982058,8544,Yes,Yes,0.000000
Dollar General,Conway,Northampton,NC,36.438,-77.229,"Rural (< 5,000)",721,1,12.67,0.309,223.0,16573,7,4.22,3.79,Yes,0.199782779219212,3311,Yes,Yes,0.000000
Dollar General,Robbinsville,Graham,NC,35.325,-83.801,"Rural (< 5,000)",577,1,12.82,0.367,212.0,7883,1,1.27,0.0,Yes,0.0870227070912089,686,Yes,Yes,0.000000
Dollar General,Alliance,Pamlico,NC,35.144,-76.79,"Rural (< 5,000)",768,1,12.82,0.176,135.0,11433,4,3.5,2.81,Yes,0.123677075133386,1414,Yes,Yes,0.000000
Dollar General,Woodland,Northampton,NC,36.335,-77.206,"Rural (< 5,000)",566,1,13.05,0.276,156.0,16573,7,4.22,3.75,Yes,0.199782779219212,3311,Yes,Yes,0.000000
Dollar General,Stantonsburg,Wilson,NC,35.607,-77.815,"Rural (< 5,000)",935,1,13.26,0.24,224.0,77254,12,1.55,1.44,Yes,0.210034431874078,16226,Yes,Yes,0.000000
Dollar General,Pembroke,Robeson,NC,34.687,-79.209,"Rural (< 5,000)",2593,4,13.31,0.437,1132.0,113440,28,2.47,2.17,Yes,0.28774682651622,32642,Yes,Yes,0.934113
Dollar General,Pembroke,Robeson,NC,34.748,-79.214,"Rural (< 5,000)",2593,4,13.31,0.437,1132.0,113440,28,2.47,2.17,Yes,0.28774682651622,32642,Yes,Yes,0.934113
Dollar General,Pembroke,Robeson,NC,34.707,-79.152,"Rural (< 5,000)",2593,4,13.31,0.437,1132.0,113440,28,2.47,2.17,Yes,0.28774682651622,32642,Yes,Yes,0.934113
Dollar General,Pembroke,Robeson,NC,34.706,-79.218,"Rural (< 5,000)",2593,4,13.31,0.437,1132.0,113440,28,2.47,2.17,Yes,0.28774682651622,32642,Yes,Yes,0.934113
Dollar General,Chocowinity,Beaufort,NC,35.517,-77.095,"Rural (< 5,000)",1090,1,13.32,0.342,373.0,44028,9,2.04,1.86,Yes,0.180135368401926,7931,Yes,Yes,0.977839
Dollar General,Holden Beach,Brunswick,NC,33.926,-78.278,"Rural (< 5,000)",1047,1,13.32,0.056,59.0,144672,22,1.52,1.46,Yes,0.0937983853129839,13570,Yes,Yes,0.985885
Dollar General,Hollister,Halifax,NC,36.247,-77.957,"Rural (< 5,000)",897,1,13.33,0.163,146.0,47012,11,2.34,2.17,Yes,0.251552795031056,11826,Yes,Yes,0.000000
Dollar General,Enfield,Halifax,NC,36.182,-77.662,"Rural (< 5,000)",1909,3,13.9,0.307,586.0,47012,11,2.34,1.77,Yes,0.251552795031056,11826,Yes,Yes,0.000000
Dollar General,Enfield,Halifax,NC,36.172,-77.672,"Rural (< 5,000)",1909,3,13.9,0.307,586.0,47012,11,2.34,1.77,Yes,0.251552795031056,11826,Yes,Yes,0.000000
Dollar General,Enfield,Halifax,NC,36.211,-77.847,"Rural (< 5,000)",1909,3,13.9,0.307,586.0,47012,11,2.34,1.77,Yes,0.251552795031056,11826,Yes,Yes,0.000000
Dollar General,Mount Gilead,Montgomery,NC,35.219,-80.005,"Rural (< 5,000)",1151,2,13.92,0.171,197.0,25033,6,2.4,1.67,Yes,0.160867654695802,4027,Yes,Yes,0.000000
Dollar General,Mount Gilead,Montgomery,NC,35.31,-80.056,"Rural (< 5,000)",1151,2,13.92,0.171,197.0,25033,6,2.4,1.67,Yes,0.160867654695802,4027,Yes,Yes,0.000000
Dollar General,Raeford,Hoke,NC,34.951,-79.053,"Rural (< 5,000)",4179,7,13.95,0.235,981.0,51906,7,1.35,0.0,Yes,0.173602281046507,9011,Yes,Yes,0.996052
Dollar General,Raeford,Hoke,NC,35.04,-79.108,"Rural (< 5,000)",4179,7,13.95,0.235,981.0,51906,7,1.35,0.0,Yes,0.173602281046507,9011,Yes,Yes,0.996052
Dollar General,Raeford,Hoke,NC,34.979,-79.237,"Rural (< 5,000)",4179,7,13.95,0.235,981.0,51906,7,1.35,0.0,Yes,0.173602281046507,9011,Yes,Yes,0.996052
Dollar General,Raeford,Hoke,NC,34.991,-79.107,"Rural (< 5,000)",4179,7,13.95,0.235,981.0,51906,7,1.35,0.0,Yes,0.173602281046507,9011,Yes,Yes,0.996052
Dollar General,Raeford,Hoke,NC,34.992,-79.068,"Rural (< 5,000)",4179,7,13.95,0.235,981.0,51906,7,1.35,0.0,Yes,0.173602281046507,9011,Yes,Yes,0.996052
Dollar General,Raeford,Hoke,NC,35.007,-79.306,"Rural (< 5,000)",4179,7,13.95,0.235,981.0,51906,7,1.35,0.0,Yes,0.173602281046507,9011,Yes,Yes,0.996052
Dollar General,Raeford,Hoke,NC,34.996,-79.227,"Rural (< 5,000)",4179,7,13.95,0.235,981.0,51906,7,1.35,0.0,Yes,0.173602281046507,9011,Yes,Yes,0.996052
Dollar General,Four Oaks,Johnston,NC,35.445,-78.425,"Rural (< 5,000)",2349,3,13.98,0.125,294.0,223985,19,0.85,0.72,Yes,0.11190481505458,25065,Yes,Yes,0.987952
Dollar General,Four Oaks,Johnston,NC,35.446,-78.422,"Rural (< 5,000)",2349,3,13.98,0.125,294.0,223985,19,0.85,0.72,Yes,0.11190481505458,25065,Yes,Yes,0.987952
Dollar General,Four Oaks,Johnston,NC,35.509,-78.517,"Rural (< 5,000)",2349,3,13.98,0.125,294.0,223985,19,0.85,0.72,Yes,0.11190481505458,25065,Yes,Yes,0.987952
Dollar General,Walnut Cove,Stokes,NC,36.284,-80.133,"Rural (< 5,000)",1947,2,14.02,0.138,268.0,44124,8,1.81,1.42,Yes,0.119662768561327,5280,Yes,Yes,0.000000
Dollar General,Walnut Cove,Stokes,NC,36.371,-80.183,"Rural (< 5,000)",1947,2,14.02,0.138,268.0,44124,8,1.81,1.42,Yes,0.119662768561327,5280,Yes,Yes,0.000000
Dollar General,Garland,Sampson,NC,34.833,-78.355,"Rural (< 5,000)",914,1,14.22,0.284,260.0,57941,11,1.9,1.75,Yes,0.202395540290986,11727,Yes,Yes,0.000000
Dollar General,Camden,Camden,NC,36.323,-76.174,"Rural (< 5,000)",1072,1,14.29,0.009,10.0,10693,3,2.81,2.08,Yes,0.0502197699429533,537,Yes,Yes,0.814516
Dollar General,Julian,Guilford,NC,35.977,-79.619,"Rural (< 5,000)",700,1,14.29,,,519697,35,0.67,0.66,Yes,0.152219466342888,79108,Yes,Yes,
Dollar General,Grantsboro,Pamlico,NC,35.144,-76.833,"Rural (< 5,000)",667,1,14.29,0.171,114.0,11433,4,3.5,2.79,Yes,0.123677075133386,1414,Yes,Yes,0.000000
Dollar General,Maple Hill,Pender,NC,34.673,-77.712,"Rural (< 5,000)",700,1,14.29,,,62106,8,1.29,1.14,Yes,0.106930087270151,6641,Yes,Yes,
Dollar General,Cliffside,Rutherford,NC,35.241,-81.767,"Rural (< 5,000)",630,1,14.29,0.049,31.0,63623,16,2.51,2.38,Yes,0.175974097417601,11196,Yes,Yes,0.000000
Dollar General,Ocean Isle Beach,Brunswick,NC,33.9,-78.458,"Rural (< 5,000)",796,1,14.35,0.059,47.0,144672,22,1.52,1.46,Yes,0.0937983853129839,13570,Yes,Yes,0.995386
Dollar General,Franklin,Macon,NC,35.179,-83.387,"Rural (< 5,000)",4187,6,14.39,0.216,903.0,37071,8,2.16,0.61,Yes,0.143966982277252,5337,Yes,Yes,0.994012
Dollar General,Franklin,Macon,NC,35.084,-83.385,"Rural (< 5,000)",4187,6,14.39,0.216,903.0,37071,8,2.16,0.61,Yes,0.143966982277252,5337,Yes,Yes,0.994012
Dollar General,Franklin,Macon,NC,35.135,-83.398,"Rural (< 5,000)",4187,6,14.39,0.216,903.0,37071,8,2.16,0.61,Yes,0.143966982277252,5337,Yes,Yes,0.994012
Dollar General,Franklin,Macon,NC,35.166,-83.435,"Rural (< 5,000)",4187,6,14.39,0.216,903.0,37071,8,2.16,0.61,Yes,0.143966982277252,5337,Yes,Yes,0.994012
Dollar General,Franklin,Macon,NC,35.166,-83.319,"Rural (< 5,000)",4187,6,14.39,0.216,903.0,37071,8,2.16,0.61,Yes,0.143966982277252,5337,Yes,Yes,0.994012
Dollar General,Franklin,Macon,NC,35.187,-83.372,"Rural (< 5,000)",4187,6,14.39,0.216,903.0,37071,8,2.16,0.61,Yes,0.143966982277252,5337,Yes,Yes,0.994012
Dollar General,Rockwell,Rowan,NC,35.575,-80.42,"Rural (< 5,000)",2682,3,14.58,0.089,239.0,144491,18,1.25,1.06,Yes,0.158355883757466,22881,Yes,Yes,0.996525
Dollar General,Rockwell,Rowan,NC,35.515,-80.454,"Rural (< 5,000)",2682,3,14.58,0.089,239.0,144491,18,1.25,1.06,Yes,0.158355883757466,22881,Yes,Yes,0.996525
Dollar General,Rockwell,Rowan,NC,35.556,-80.413,"Rural (< 5,000)",2682,3,14.58,0.089,239.0,144491,18,1.25,1.06,Yes,0.158355883757466,22881,Yes,Yes,0.996525
Dollar General,Manson,Vance,NC,36.459,-78.31,"Rural (< 5,000)",670,1,14.93,,,41868,10,2.39,2.18,Yes,0.189548103563581,7936,Yes,Yes,
Dollar General,Seaboard,Northampton,NC,36.493,-77.439,"Rural (< 5,000)",624,1,15.04,0.321,200.0,16573,7,4.22,3.76,Yes,0.199782779219212,3311,Yes,Yes,0.000000
Dollar General,Laurel Hill,Scotland,NC,34.803,-79.537,"Rural (< 5,000)",916,1,15.38,0.409,375.0,32159,8,2.49,2.24,Yes,0.265679902982058,8544,Yes,Yes,0.000000
Dollar General,Clarkton,Bladen,NC,34.49,-78.663,"Rural (< 5,000)",853,1,15.5,0.482,411.0,29221,10,3.42,3.17,Yes,0.212415728414496,6207,Yes,Yes,0.000000
Dollar General,Littleton,Halifax,NC,36.437,-77.906,"Rural (< 5,000)",446,1,15.6,0.26,116.0,47012,11,2.34,2.15,Yes,0.251552795031056,11826,Yes,Yes,0.000000
Dollar General,Roper,Washington,NC,35.875,-76.621,"Rural (< 5,000)",571,1,15.7,0.478,273.0,10649,5,4.7,3.97,Yes,0.247065452155132,2631,Yes,Yes,0.000000
Dollar General,Lawndale,Cleveland,NC,35.417,-81.535,"Rural (< 5,000)",585,1,15.77,0.221,129.0,98200,24,2.44,2.36,Yes,0.17235234215886,16925,Yes,Yes,0.000000
Dollar General,Spring Hope,Nash,NC,35.867,-78.1,"Rural (< 5,000)",1330,2,15.99,0.184,245.0,93468,24,2.57,2.39,Yes,0.140326100911542,13116,Yes,Yes,0.000000
Dollar General,Spring Hope,Nash,NC,35.951,-78.103,"Rural (< 5,000)",1330,2,15.99,0.184,245.0,93468,24,2.57,2.39,Yes,0.140326100911542,13116,Yes,Yes,0.000000
Dollar General,South Mills,Camden,NC,36.491,-76.347,"Rural (< 5,000)",294,1,16.67,0.0,0.0,10693,3,2.81,1.92,Yes,0.0502197699429533,537,Yes,Yes,0.000000
Dollar General,Fallston,Cleveland,NC,35.431,-81.502,"Rural (< 5,000)",602,1,16.67,0.324,195.0,98200,24,2.44,2.36,Yes,0.17235234215886,16925,Yes,Yes,0.000000
Dollar General,Barco,Currituck,NC,36.358,-75.961,"Rural (< 5,000)",600,1,16.67,,,29434,6,2.04,1.73,Yes,0.0763742610586397,2248,Yes,Yes,
Dollar General,Zirconia,Henderson,NC,35.226,-82.428,"Rural (< 5,000)",600,1,16.67,,,115963,11,0.95,0.87,Yes,0.11672688702431,13536,Yes,Yes,
Dollar General,Crouse,Lincoln,NC,35.418,-81.318,"Rural (< 5,000)",358,1,16.67,0.0,0.0,89512,12,1.34,1.23,Yes,0.0904571454106712,8097,Yes,Yes,0.555901
Dollar General,Gold Hill,Rowan,NC,35.524,-80.34,"Rural (< 5,000)",401,1,16.67,0.135,54.0,144491,18,1.25,1.18,Yes,0.158355883757466,22881,Yes,Yes,0.000000
Dollar General,Germanton,Stokes,NC,36.266,-80.224,"Rural (< 5,000)",851,1,16.67,0.134,114.0,44124,8,1.81,1.62,Yes,0.119662768561327,5280,Yes,Yes,0.000000
Dollar General,Beulaville,Duplin,NC,34.927,-77.772,"Rural (< 5,000)",1428,2,17.14,0.207,296.0,48673,14,2.88,2.54,Yes,0.178908224272184,8708,Yes,Yes,0.000000
Dollar General,Beulaville,Duplin,NC,34.926,-77.789,"Rural (< 5,000)",1428,2,17.14,0.207,296.0,48673,14,2.88,2.54,Yes,0.178908224272184,8708,Yes,Yes,0.000000
Dollar General,Connelly Springs,Burke,NC,35.726,-81.47,"Rural (< 5,000)",2306,3,17.17,0.089,206.0,85482,15,1.75,1.44,Yes,0.179289207084532,15326,Yes,Yes,0.482014
Dollar General,Connelly Springs,Burke,NC,35.741,-81.527,"Rural (< 5,000)",2306,3,17.17,0.089,206.0,85482,15,1.75,1.44,Yes,0.179289207084532,15326,Yes,Yes,0.482014
Dollar General,Connelly Springs,Burke,NC,35.632,-81.519,"Rural (< 5,000)",2306,3,17.17,0.089,206.0,85482,15,1.75,1.44,Yes,0.179289207084532,15326,Yes,Yes,0.482014
Dollar General,Bladenboro,Bladen,NC,34.524,-78.716,"Rural (< 5,000)",2174,3,17.2,0.222,483.0,29221,10,3.42,2.59,Yes,0.212415728414496,6207,Yes,Yes,0.000000
Dollar General,Bladenboro,Bladen,NC,34.642,-78.737,"Rural (< 5,000)",2174,3,17.2,0.222,483.0,29221,10,3.42,2.59,Yes,0.212415728414496,6207,Yes,Yes,0.000000
Dollar General,Bladenboro,Bladen,NC,34.541,-78.793,"Rural (< 5,000)",2174,3,17.2,0.222,483.0,29221,10,3.42,2.59,Yes,0.212415728414496,6207,Yes,Yes,0.000000
Dollar General,Gibson,Scotland,NC,34.762,-79.6,"Rural (< 5,000)",752,1,17.24,0.493,371.0,32159,8,2.49,2.23,Yes,0.265679902982058,8544,Yes,Yes,0.000000
Dollar General,Stem,Granville,NC,36.201,-78.722,"Rural (< 5,000)",1064,1,17.3,0.026,28.0,57048,9,1.58,1.43,Yes,0.14058336839153,8020,Yes,Yes,0.000000
Dollar General,Saluda,Polk,NC,35.241,-82.334,"Rural (< 5,000)",591,1,17.3,0.188,111.0,19354,6,3.1,2.66,Yes,0.136560917639764,2643,Yes,Yes,0.000000
Dollar General,Robbins,Moore,NC,35.435,-79.586,"Rural (< 5,000)",1313,2,17.42,0.331,435.0,101170,15,1.48,1.3,Yes,0.0996046258772363,10077,Yes,Yes,0.000000
Dollar General,Robbins,Moore,NC,35.405,-79.575,"Rural (< 5,000)",1313,2,17.42,0.331,435.0,101170,15,1.48,1.3,Yes,0.0996046258772363,10077,Yes,Yes,0.000000
Dollar General,Bailey,Nash,NC,35.781,-78.118,"Rural (< 5,000)",504,1,17.42,0.256,129.0,93468,24,2.57,2.47,Yes,0.140326100911542,13116,Yes,Yes,0.000000
Dollar General,Lewiston,Bertie,NC,36.123,-77.174,"Rural (< 5,000)",571,1,17.51,,,15931,4,2.51,1.95,Yes,0.197853242106585,3152,Yes,Yes,
Dollar General,Richfield,Stanly,NC,35.474,-80.265,"Rural (< 5,000)",836,1,17.89,0.128,107.0,61509,15,2.44,2.31,Yes,0.142499471622039,8765,Yes,Yes,0.336770
Dollar General,Kenly,Johnston,NC,35.576,-78.145,"Rural (< 5,000)",2342,3,18.08,0.169,395.0,223985,19,0.85,0.72,Yes,0.11190481505458,25065,Yes,Yes,0.000000
Dollar General,Kenly,Johnston,NC,35.596,-78.127,"Rural (< 5,000)",2342,3,18.08,0.169,395.0,223985,19,0.85,0.72,Yes,0.11190481505458,25065,Yes,Yes,0.000000
Dollar General,Kenly,Johnston,NC,35.68,-78.207,"Rural (< 5,000)",2342,3,18.08,0.169,395.0,223985,19,0.85,0.72,Yes,0.11190481505458,25065,Yes,Yes,0.000000
Dollar General,Woodleaf,Rowan,NC,35.767,-80.59,"Rural (< 5,000)",550,1,18.18,,,144491,18,1.25,1.18,Yes,0.158355883757466,22881,Yes,Yes,
Dollar General,Bryson City,Swain,NC,35.375,-83.53,"Rural (< 5,000)",1467,3,18.66,0.215,316.0,13729,3,2.19,0.0,Yes,0.210503314152524,2890,Yes,Yes,0.000000
Dollar General,Bryson City,Swain,NC,35.453,-83.39,"Rural (< 5,000)",1467,3,18.66,0.215,316.0,13729,3,2.19,0.0,Yes,0.210503314152524,2890,Yes,Yes,0.000000
Dollar General,Bryson City,Swain,NC,35.419,-83.454,"Rural (< 5,000)",1467,3,18.66,0.215,316.0,13729,3,2.19,0.0,Yes,0.210503314152524,2890,Yes,Yes,0.000000
Dollar General,Hot Springs,Madison,NC,35.892,-82.83,"Rural (< 5,000)",494,1,18.73,0.188,93.0,20780,2,0.96,0.49,Yes,0.114436958614052,2378,Yes,Yes,0.000000
Dollar General,Dobson,Surry,NC,36.397,-80.782,"Rural (< 5,000)",1171,3,18.77,0.161,188.0,70238,19,2.71,2.32,Yes,0.166918192431447,11724,Yes,Yes,0.000000
Dollar General,Dobson,Surry,NC,36.396,-80.72,"Rural (< 5,000)",1171,3,18.77,0.161,188.0,70238,19,2.71,2.32,Yes,0.166918192431447,11724,Yes,Yes,0.000000
Dollar General,Dobson,Surry,NC,36.33,-80.722,"Rural (< 5,000)",1171,3,18.77,0.161,188.0,70238,19,2.71,2.32,Yes,0.166918192431447,11724,Yes,Yes,0.000000
Dollar General,Rose Hill,Duplin,NC,34.824,-77.946,"Rural (< 5,000)",1499,3,19.21,0.231,346.0,48673,14,2.88,2.33,Yes,0.178908224272184,8708,Yes,Yes,0.000000
Dollar General,Rose Hill,Duplin,NC,34.821,-78.02,"Rural (< 5,000)",1499,3,19.21,0.231,346.0,48673,14,2.88,2.33,Yes,0.178908224272184,8708,Yes,Yes,0.000000
Dollar General,Rose Hill,Duplin,NC,34.802,-78.215,"Rural (< 5,000)",1499,3,19.21,0.231,346.0,48673,14,2.88,2.33,Yes,0.178908224272184,8708,Yes,Yes,0.000000
Dollar General,Banner Elk,Avery,NC,36.167,-81.861,"Rural (< 5,000)",662,2,19.42,0.16,106.0,14968,5,3.34,2.1,Yes,0.109633885622662,1641,Yes,Yes,0.000000
Dollar General,Banner Elk,Avery,NC,36.184,-81.902,"Rural (< 5,000)",662,2,19.42,0.16,106.0,14968,5,3.34,2.1,Yes,0.109633885622662,1641,Yes,Yes,0.000000
Dollar General,Gaston,Northampton,NC,36.536,-77.793,"Rural (< 5,000)",836,2,19.76,0.226,189.0,16573,7,4.22,3.18,Yes,0.199782779219212,3311,Yes,Yes,0.984127
Dollar General,Gaston,Northampton,NC,36.498,-77.644,"Rural (< 5,000)",836,2,19.76,0.226,189.0,16573,7,4.22,3.18,Yes,0.199782779219212,3311,Yes,Yes,0.984127
Dollar General,Blounts Creek,Beaufort,NC,35.37,-76.952,"Rural (< 5,000)",500,1,20.0,,,44028,9,2.04,1.84,Yes,0.180135368401926,7931,Yes,Yes,
Dollar General,Salter Path,Carteret,NC,34.688,-76.889,"Rural (< 5,000)",500,1,20.0,,,67511,15,2.22,2.09,Yes,0.100442890788168,6781,Yes,Yes,
Dollar General,Stokes,Pitt,NC,35.716,-77.262,"Rural (< 5,000)",198,1,20.0,0.0,0.0,166082,23,1.38,1.33,Yes,0.194030659553714,32225,Yes,Yes,0.000000
Dollar General,Bolton,Columbus,NC,34.321,-78.401,"Rural (< 5,000)",469,1,20.08,0.237,111.0,47923,17,3.55,3.37,Yes,0.187926465371534,9006,Yes,Yes,0.000000
Dollar General,Vanceboro,Craven,NC,35.31,-77.158,"Rural (< 5,000)",939,2,20.3,0.309,290.0,96136,15,1.56,1.37,Yes,0.139053008238329,13368,Yes,Yes,0.000000
Dollar General,Vanceboro,Craven,NC,35.25,-77.09,"Rural (< 5,000)",939,2,20.3,0.309,290.0,96136,15,1.56,1.37,Yes,0.139053008238329,13368,Yes,Yes,0.000000
Dollar General,Pink Hill,Lenoir,NC,35.075,-77.734,"Rural (< 5,000)",470,1,20.41,0.321,151.0,53873,11,2.04,1.87,Yes,0.224602305422011,12100,Yes,Yes,0.000000
Dollar General,Aurora,Beaufort,NC,35.303,-76.8,"Rural (< 5,000)",614,1,20.45,0.277,170.0,44028,9,2.04,1.84,Yes,0.180135368401926,7931,Yes,Yes,0.000000
Dollar General,Lilesville,Anson,NC,34.963,-79.991,"Rural (< 5,000)",791,1,20.53,0.209,165.0,19973,5,2.5,2.09,Yes,0.212036248936064,4235,Yes,Yes,0.000000
Dollar General,Hertford,Perquimans,NC,36.218,-76.462,"Rural (< 5,000)",1689,4,20.59,0.247,418.0,13119,4,3.05,0.0,Yes,0.113880631145667,1494,Yes,Yes,0.000000
Dollar General,Hertford,Perquimans,NC,36.105,-76.401,"Rural (< 5,000)",1689,4,20.59,0.247,418.0,13119,4,3.05,0.0,Yes,0.113880631145667,1494,Yes,Yes,0.000000
Dollar General,Hertford,Perquimans,NC,36.23,-76.349,"Rural (< 5,000)",1689,4,20.59,0.247,418.0,13119,4,3.05,0.0,Yes,0.113880631145667,1494,Yes,Yes,0.000000
Dollar General,Hertford,Perquimans,NC,36.176,-76.464,"Rural (< 5,000)",1689,4,20.59,0.247,418.0,13119,4,3.05,0.0,Yes,0.113880631145667,1494,Yes,Yes,0.000000
Dollar General,Claremont,Catawba,NC,35.767,-81.174,"Rural (< 5,000)",2045,3,20.6,0.111,228.0,158926,27,1.7,1.53,Yes,0.128210613744762,20376,Yes,Yes,0.942080
Dollar General,Claremont,Catawba,NC,35.722,-81.154,"Rural (< 5,000)",2045,3,20.6,0.111,228.0,158926,27,1.7,1.53,Yes,0.128210613744762,20376,Yes,Yes,0.942080
Dollar General,Claremont,Catawba,NC,35.673,-81.148,"Rural (< 5,000)",2045,3,20.6,0.111,228.0,158926,27,1.7,1.53,Yes,0.128210613744762,20376,Yes,Yes,0.942080
Dollar General,Ellenboro,Rutherford,NC,35.288,-81.78,"Rural (< 5,000)",870,2,20.6,0.244,212.0,63623,16,2.51,2.23,Yes,0.175974097417601,11196,Yes,Yes,0.000000
Dollar General,Ellenboro,Rutherford,NC,35.331,-81.761,"Rural (< 5,000)",870,2,20.6,0.244,212.0,63623,16,2.51,2.23,Yes,0.175974097417601,11196,Yes,Yes,0.000000
Dollar General,Micro,Johnston,NC,35.561,-78.208,"Rural (< 5,000)",785,1,20.62,0.219,172.0,223985,19,0.85,0.81,Yes,0.11190481505458,25065,Yes,Yes,0.000000
Dollar General,Norlina,Warren,NC,36.436,-78.186,"Rural (< 5,000)",1050,2,20.68,0.174,183.0,18006,4,2.22,1.18,Yes,0.22237032100411,4004,Yes,Yes,0.000000
Dollar General,Norlina,Warren,NC,36.493,-78.172,"Rural (< 5,000)",1050,2,20.68,0.174,183.0,18006,4,2.22,1.18,Yes,0.22237032100411,4004,Yes,Yes,0.000000
Dollar General,Pilot Mountain,Surry,NC,36.407,-80.501,"Rural (< 5,000)",1584,3,20.98,0.154,244.0,70238,19,2.71,2.33,Yes,0.166918192431447,11724,Yes,Yes,0.000000
Dollar General,Pilot Mountain,Surry,NC,36.385,-80.455,"Rural (< 5,000)",1584,3,20.98,0.154,244.0,70238,19,2.71,2.33,Yes,0.166918192431447,11724,Yes,Yes,0.000000
Dollar General,Pilot Mountain,Surry,NC,36.379,-80.481,"Rural (< 5,000)",1584,3,20.98,0.154,244.0,70238,19,2.71,2.33,Yes,0.166918192431447,11724,Yes,Yes,0.000000
Dollar General,Fountain,Pitt,NC,35.672,-77.639,"Rural (< 5,000)",317,1,21.1,0.536,170.0,166082,23,1.38,1.33,Yes,0.194030659553714,32225,Yes,Yes,0.000000
Dollar General,New London,Stanly,NC,35.501,-80.137,"Rural (< 5,000)",590,1,21.23,0.142,84.0,61509,15,2.44,2.3,Yes,0.142499471622039,8765,Yes,Yes,0.695222
Dollar General,Jamesville,Martin,NC,35.805,-76.899,"Rural (< 5,000)",373,1,21.41,0.078,29.0,21311,5,2.35,1.91,Yes,0.19642438177467,4186,Yes,Yes,0.000000
Dollar General,Old Fort,McDowell,NC,35.619,-82.177,"Rural (< 5,000)",643,2,21.48,0.14,90.0,43337,11,2.54,2.11,Yes,0.139765096799502,6057,Yes,Yes,0.000000
Dollar General,Old Fort,McDowell,NC,35.631,-82.178,"Rural (< 5,000)",643,2,21.48,0.14,90.0,43337,11,2.54,2.11,Yes,0.139765096799502,6057,Yes,Yes,0.000000
Dollar General,Elk Park,Avery,NC,36.157,-81.981,"Rural (< 5,000)",694,1,21.65,0.274,190.0,14968,5,3.34,2.8,Yes,0.109633885622662,1641,Yes,Yes,0.000000
Dollar General,Salemburg,Sampson,NC,35.017,-78.504,"Rural (< 5,000)",479,1,21.74,0.098,47.0,57941,11,1.9,1.74,Yes,0.202395540290986,11727,Yes,Yes,0.000000
Dollar General,Snow Camp,Alamance,NC,35.894,-79.431,"Rural (< 5,000)",450,1,22.22,,,169230,26,1.54,1.48,Yes,0.141482006736394,23943,Yes,Yes,
Dollar General,Corapeake,Gates,NC,36.537,-76.578,"Rural (< 5,000)",450,1,22.22,,,10238,3,2.93,2.04,Yes,0.118382496581364,1212,Yes,Yes,
Dollar General,Parkton,Robeson,NC,34.907,-79.004,"Rural (< 5,000)",515,1,22.22,0.159,82.0,113440,28,2.47,2.39,Yes,0.28774682651622,32642,Yes,Yes,0.000000
Dollar General,Sandy Ridge,Stokes,NC,36.498,-80.103,"Rural (< 5,000)",450,1,22.22,,,44124,8,1.81,1.6,Yes,0.119662768561327,5280,Yes,Yes,
Dollar General,Hamptonville,Yadkin,NC,36.12,-80.773,"Rural (< 5,000)",450,1,22.22,,,37017,9,2.43,2.19,Yes,0.136423805278656,5050,Yes,Yes,
Dollar General,Bridgeton,Craven,NC,35.123,-77.02,"Rural (< 5,000)",561,1,22.37,0.504,283.0,96136,15,1.56,1.46,Yes,0.139053008238329,13368,Yes,Yes,0.787966
Dollar General,Warrenton,Warren,NC,36.398,-78.153,"Rural (< 5,000)",859,2,22.78,0.256,220.0,18006,4,2.22,1.17,Yes,0.22237032100411,4004,Yes,Yes,0.000000
Dollar General,Warrenton,Warren,NC,36.399,-78.155,"Rural (< 5,000)",859,2,22.78,0.256,220.0,18006,4,2.22,1.17,Yes,0.22237032100411,4004,Yes,Yes,0.000000
Dollar General,Murphy,Cherokee,NC,35.031,-84.206,"Rural (< 5,000)",1233,4,22.95,0.206,254.0,28841,7,2.43,1.09,Yes,0.146250130023231,4218,Yes,Yes,0.000000
Dollar General,Murphy,Cherokee,NC,35.033,-84.1,"Rural (< 5,000)",1233,4,22.95,0.206,254.0,28841,7,2.43,1.09,Yes,0.146250130023231,4218,Yes,Yes,0.000000
Dollar General,Murphy,Cherokee,NC,35.065,-83.964,"Rural (< 5,000)",1233,4,22.95,0.206,254.0,28841,7,2.43,1.09,Yes,0.146250130023231,4218,Yes,Yes,0.000000
Dollar General,Murphy,Cherokee,NC,35.107,-84.012,"Rural (< 5,000)",1233,4,22.95,0.206,254.0,28841,7,2.43,1.09,Yes,0.146250130023231,4218,Yes,Yes,0.000000
Dollar General,Grimesland,Pitt,NC,35.564,-77.193,"Rural (< 5,000)",428,1,23.15,0.273,117.0,166082,23,1.38,1.33,Yes,0.194030659553714,32225,Yes,Yes,0.000000
Dollar General,Supply,Brunswick,NC,33.929,-78.323,"Rural (< 5,000)",850,2,23.53,,,144672,22,1.52,1.39,Yes,0.0937983853129839,13570,Yes,Yes,
Dollar General,Supply,Brunswick,NC,34.015,-78.269,"Rural (< 5,000)",850,2,23.53,,,144672,22,1.52,1.39,Yes,0.0937983853129839,13570,Yes,Yes,
Dollar General,Stedman,Cumberland,NC,35.064,-78.696,"Rural (< 5,000)",1613,2,23.53,0.064,104.0,318188,28,0.88,0.82,Yes,0.172206368561982,54794,Yes,Yes,0.000000
Dollar General,Stedman,Cumberland,NC,35.01,-78.688,"Rural (< 5,000)",1613,2,23.53,0.064,104.0,318188,28,0.88,0.82,Yes,0.172206368561982,54794,Yes,Yes,0.000000
Dollar General,Elm City,Wilson,NC,35.842,-77.93,"Rural (< 5,000)",1173,3,23.68,0.184,216.0,77254,12,1.55,1.18,Yes,0.210034431874078,16226,Yes,Yes,0.000000
Dollar General,Elm City,Wilson,NC,35.751,-77.772,"Rural (< 5,000)",1173,3,23.68,0.184,216.0,77254,12,1.55,1.18,Yes,0.210034431874078,16226,Yes,Yes,0.000000
Dollar General,Elm City,Wilson,NC,35.802,-77.866,"Rural (< 5,000)",1173,3,23.68,0.184,216.0,77254,12,1.55,1.18,Yes,0.210034431874078,16226,Yes,Yes,0.000000
Dollar General,Arapahoe,Pamlico,NC,35.026,-76.825,"Rural (< 5,000)",380,1,23.75,0.189,72.0,11433,4,3.5,2.71,Yes,0.123677075133386,1414,Yes,Yes,0.000000
Dollar General,Ronda,Wilkes,NC,36.219,-80.948,"Rural (< 5,000)",468,1,24.21,0.192,90.0,64649,14,2.17,2.03,Yes,0.164318086900029,10623,Yes,Yes,0.000000
Dollar General,Middlesex,Nash,NC,35.859,-78.177,"Rural (< 5,000)",1003,2,24.24,0.108,108.0,93468,24,2.57,2.38,Yes,0.140326100911542,13116,Yes,Yes,0.000000
Dollar General,Middlesex,Nash,NC,35.788,-78.188,"Rural (< 5,000)",1003,2,24.24,0.108,108.0,93468,24,2.57,2.38,Yes,0.140326100911542,13116,Yes,Yes,0.000000
Dollar General,Calypso,Duplin,NC,35.155,-78.108,"Rural (< 5,000)",441,1,24.51,0.147,65.0,48673,14,2.88,2.7,Yes,0.178908224272184,8708,Yes,Yes,0.000000
Dollar General,Sea Level,Carteret,NC,34.889,-76.394,"Rural (< 5,000)",400,1,25.0,,,67511,15,2.22,2.09,Yes,0.100442890788168,6781,Yes,Yes,
Dollar General,Sapphire,Transylvania,NC,35.116,-82.982,"Rural (< 5,000)",400,1,25.0,,,32275,6,1.86,1.57,Yes,0.141781564678544,4576,Yes,Yes,
Dollar General,Kittrell,Vance,NC,36.244,-78.435,"Rural (< 5,000)",53,1,25.0,0.132,7.0,41868,10,2.39,2.15,Yes,0.189548103563581,7936,Yes,Yes,0.000000
Dollar General,Peachland,Anson,NC,34.991,-80.263,"Rural (< 5,000)",437,1,25.13,0.05,22.0,19973,5,2.5,2.05,Yes,0.212036248936064,4235,Yes,Yes,0.000000
Dollar General,Stovall,Granville,NC,36.449,-78.57,"Rural (< 5,000)",271,1,25.13,0.107,29.0,57048,9,1.58,1.41,Yes,0.14058336839153,8020,Yes,Yes,0.000000
Dollar General,Cove City,Craven,NC,35.186,-77.317,"Rural (< 5,000)",577,1,25.19,0.087,50.0,96136,15,1.56,1.47,Yes,0.139053008238329,13368,Yes,Yes,0.000000
Dollar General,Bunn,Franklin,NC,35.959,-78.251,"Rural (< 5,000)",468,1,25.64,0.053,25.0,70540,10,1.42,1.28,Yes,0.100907286645875,7118,Yes,Yes,0.000000
Dollar General,Snow Hill,Greene,NC,35.441,-77.791,"Rural (< 5,000)",2101,4,25.86,0.352,740.0,17749,4,2.25,0.0,Yes,0.22356189081075,3968,Yes,Yes,0.000000
Dollar General,Snow Hill,Greene,NC,35.446,-77.664,"Rural (< 5,000)",2101,4,25.86,0.352,740.0,17749,4,2.25,0.0,Yes,0.22356189081075,3968,Yes,Yes,0.000000
Dollar General,Snow Hill,Greene,NC,35.457,-77.693,"Rural (< 5,000)",2101,4,25.86,0.352,740.0,17749,4,2.25,0.0,Yes,0.22356189081075,3968,Yes,Yes,0.000000
Dollar General,Snow Hill,Greene,NC,35.484,-77.587,"Rural (< 5,000)",2101,4,25.86,0.352,740.0,17749,4,2.25,0.0,Yes,0.22356189081075,3968,Yes,Yes,0.000000
Dollar General,Leasburg,Caswell,NC,36.394,-79.153,"Rural (< 5,000)",380,1,26.32,,,21161,5,2.36,1.92,Yes,0.157128680119087,3325,Yes,Yes,
Dollar General,Casar,Cleveland,NC,35.508,-81.624,"Rural (< 5,000)",384,1,26.32,0.224,86.0,98200,24,2.44,2.35,Yes,0.17235234215886,16925,Yes,Yes,0.000000
Dollar General,Pine Hall,Stokes,NC,36.341,-80.052,"Rural (< 5,000)",370,1,27.03,,,44124,8,1.81,1.6,Yes,0.119662768561327,5280,Yes,Yes,
Dollar General,East Bend,Yadkin,NC,36.222,-80.597,"Rural (< 5,000)",765,2,27.17,0.112,86.0,37017,9,2.43,1.93,Yes,0.136423805278656,5050,Yes,Yes,0.000000
Dollar General,East Bend,Yadkin,NC,36.217,-80.507,"Rural (< 5,000)",765,2,27.17,0.112,86.0,37017,9,2.43,1.93,Yes,0.136423805278656,5050,Yes,Yes,0.000000
Dollar General,Grover,Cleveland,NC,35.21,-81.532,"Rural (< 5,000)",602,2,27.62,0.208,125.0,98200,24,2.44,2.25,Yes,0.17235234215886,16925,Yes,Yes,0.000000
Dollar General,Grover,Cleveland,NC,35.178,-81.455,"Rural (< 5,000)",602,2,27.62,0.208,125.0,98200,24,2.44,2.25,Yes,0.17235234215886,16925,Yes,Yes,0.000000
Dollar General,Pikeville,Wayne,NC,35.491,-78.06,"Rural (< 5,000)",747,2,28.13,0.194,145.0,114923,20,1.74,1.58,Yes,0.169121933816555,19436,Yes,Yes,0.000000
Dollar General,Pikeville,Wayne,NC,35.5,-77.982,"Rural (< 5,000)",747,2,28.13,0.194,145.0,114923,20,1.74,1.58,Yes,0.169121933816555,19436,Yes,Yes,0.000000
Dollar General,Mooresboro,Cleveland,NC,35.304,-81.699,"Rural (< 5,000)",168,1,28.41,0.22,37.0,98200,24,2.44,2.35,Yes,0.17235234215886,16925,Yes,Yes,0.000000
Dollar General,Newland,Avery,NC,36.1,-81.93,"Rural (< 5,000)",778,2,28.49,0.121,94.0,14968,5,3.34,2.11,Yes,0.109633885622662,1641,Yes,Yes,0.000000
Dollar General,Newland,Avery,NC,36.035,-81.887,"Rural (< 5,000)",778,2,28.49,0.121,94.0,14968,5,3.34,2.11,Yes,0.109633885622662,1641,Yes,Yes,0.000000
Dollar General,Pelham,Caswell,NC,36.521,-79.478,"Rural (< 5,000)",350,1,28.57,,,21161,5,2.36,1.92,Yes,0.157128680119087,3325,Yes,Yes,
Dollar General,Evergreen,Columbus,NC,34.409,-78.901,"Rural (< 5,000)",381,1,28.57,0.325,124.0,47923,17,3.55,3.37,Yes,0.187926465371534,9006,Yes,Yes,0.000000
Dollar General,Waves,Dare,NC,35.561,-75.469,"Rural (< 5,000)",147,1,28.57,0.0,0.0,37352,3,0.8,0.54,Yes,0.0754176483186978,2817,Yes,Yes,0.000000
Dollar General,Albertson,Duplin,NC,35.138,-77.849,"Rural (< 5,000)",350,1,28.57,,,48673,14,2.88,2.69,Yes,0.178908224272184,8708,Yes,Yes,
Dollar General,Faison,Duplin,NC,35.106,-78.215,"Rural (< 5,000)",826,2,28.57,0.403,333.0,48673,14,2.88,2.51,Yes,0.178908224272184,8708,Yes,Yes,0.000000
Dollar General,Faison,Duplin,NC,35.12,-78.134,"Rural (< 5,000)",826,2,28.57,0.403,333.0,48673,14,2.88,2.51,Yes,0.178908224272184,8708,Yes,Yes,0.000000
Dollar General,Gates,Gates,NC,36.536,-76.767,"Rural (< 5,000)",350,1,28.57,,,10238,3,2.93,2.02,Yes,0.118382496581364,1212,Yes,Yes,
Dollar General,Deep Run,Lenoir,NC,35.14,-77.691,"Rural (< 5,000)",548,1,28.57,0.133,73.0,53873,11,2.04,1.88,Yes,0.224602305422011,12100,Yes,Yes,0.000000
Dollar General,Semora,Person,NC,36.498,-79.148,"Rural (< 5,000)",350,1,28.57,,,38934,8,2.05,1.81,Yes,0.184466019417476,7182,Yes,Yes,
Dollar General,Lawsonville,Rockingham,NC,36.493,-80.231,"Rural (< 5,000)",350,1,28.57,,,89541,19,2.12,2.02,Yes,0.168481477758792,15086,Yes,Yes,
Dollar General,State Road,Surry,NC,36.323,-80.866,"Rural (< 5,000)",350,1,28.57,,,70238,19,2.71,2.58,Yes,0.166918192431447,11724,Yes,Yes,
Dollar General,Zionville,Watauga,NC,36.326,-81.736,"Rural (< 5,000)",350,1,28.57,,,48636,6,1.23,1.04,Yes,0.246833621185953,12005,Yes,Yes,
Dollar General,Boomer,Wilkes,NC,36.068,-81.255,"Rural (< 5,000)",350,1,28.57,,,64649,14,2.17,2.02,Yes,0.164318086900029,10623,Yes,Yes,
Dollar General,Dublin,Bladen,NC,34.659,-78.725,"Rural (< 5,000)",482,1,29.41,0.378,182.0,29221,10,3.42,3.13,Yes,0.212415728414496,6207,Yes,Yes,0.000000
Dollar General,Willard,Pender,NC,34.689,-77.981,"Rural (< 5,000)",340,1,29.41,,,62106,8,1.29,1.13,Yes,0.106930087270151,6641,Yes,Yes,
Dollar General,Catawba,Catawba,NC,35.718,-81.08,"Rural (< 5,000)",622,2,31.1,0.203,126.0,158926,27,1.7,1.58,Yes,0.128210613744762,20376,Yes,Yes,0.000000
Dollar General,Catawba,Catawba,NC,35.651,-81.052,"Rural (< 5,000)",622,2,31.1,0.203,126.0,158926,27,1.7,1.58,Yes,0.128210613744762,20376,Yes,Yes,0.000000
Dollar General,Engelhard,Hyde,NC,35.511,-76.013,"Rural (< 5,000)",230,1,31.45,0.352,81.0,4005,1,2.5,0.0,Yes,0.224219725343321,898,Yes,Yes,0.000000
Dollar General,Atkinson,Pender,NC,34.525,-78.175,"Rural (< 5,000)",487,1,31.55,0.123,60.0,62106,8,1.29,1.14,Yes,0.106930087270151,6641,Yes,Yes,0.000000
Dollar General,Providence,Caswell,NC,36.49,-79.383,"Rural (< 5,000)",300,1,33.33,,,21161,5,2.36,1.92,Yes,0.157128680119087,3325,Yes,Yes,
Dollar General,Bennett,Chatham,NC,35.53,-79.526,"Rural (< 5,000)",273,1,33.33,0.0,0.0,77460,5,0.65,0.52,Yes,0.104712109475859,8111,Yes,Yes,0.000000
Dollar General,Vilas,Watauga,NC,36.237,-81.746,"Rural (< 5,000)",300,1,33.33,,,48636,6,1.23,1.03,Yes,0.246833621185953,12005,Yes,Yes,
Dollar General,Newton Grove,Sampson,NC,35.248,-78.356,"Rural (< 5,000)",558,2,34.25,0.039,22.0,57941,11,1.9,1.57,Yes,0.202395540290986,11727,Yes,Yes,0.000000
Dollar General,Newton Grove,Sampson,NC,35.195,-78.487,"Rural (< 5,000)",558,2,34.25,0.039,22.0,57941,11,1.9,1.57,Yes,0.202395540290986,11727,Yes,Yes,0.000000
Dollar General,Climax,Guilford,NC,35.913,-79.707,"Rural (< 5,000)",291,1,34.36,,,519697,35,0.67,0.65,Yes,0.152219466342888,79108,Yes,Yes,
Dollar General,Cameron,Moore,NC,35.284,-79.106,"Rural (< 5,000)",357,1,34.36,0.126,45.0,101170,15,1.48,1.39,Yes,0.0996046258772363,10077,Yes,Yes,0.000000
Dollar General,Gatesville,Gates,NC,36.411,-76.756,"Rural (< 5,000)",310,1,34.48,0.0,0.0,10238,3,2.93,2.01,Yes,0.118382496581364,1212,Yes,Yes,0.000000
Dollar General,Goldston,Chatham,NC,35.591,-79.326,"Rural (< 5,000)",367,1,34.72,0.003,1.0,77460,5,0.65,0.52,Yes,0.104712109475859,8111,Yes,Yes,0.000000
Dollar General,Harmony,Iredell,NC,35.957,-80.772,"Rural (< 5,000)",811,2,35.09,0.088,71.0,189857,21,1.11,1.01,Yes,0.0909684657400043,17271,Yes,Yes,0.000000
Dollar General,Harmony,Iredell,NC,36.009,-80.839,"Rural (< 5,000)",811,2,35.09,0.088,71.0,189857,21,1.11,1.01,Yes,0.0909684657400043,17271,Yes,Yes,0.000000
Dollar General,Pollocksville,Jones,NC,34.999,-77.224,"Rural (< 5,000)",363,1,35.46,0.174,63.0,9131,3,3.29,2.28,Yes,0.212682072062206,1942,Yes,Yes,0.000000
Dollar General,Currie,Pender,NC,34.459,-78.051,"Rural (< 5,000)",280,1,35.71,,,62106,8,1.29,1.13,Yes,0.106930087270151,6641,Yes,Yes,
Dollar General,Creswell,Washington,NC,35.873,-76.389,"Rural (< 5,000)",205,1,36.23,0.312,64.0,10649,5,4.7,3.83,Yes,0.247065452155132,2631,Yes,Yes,0.000000
Dollar General,Turkey,Sampson,NC,34.991,-78.185,"Rural (< 5,000)",446,1,36.5,0.052,23.0,57941,11,1.9,1.74,Yes,0.202395540290986,11727,Yes,Yes,0.000000
Dollar General,Castalia,Nash,NC,36.06,-78.037,"Rural (< 5,000)",223,1,36.76,0.368,82.0,93468,24,2.57,2.47,Yes,0.140326100911542,13116,Yes,Yes,0.000000
Dollar General,Halifax,Halifax,NC,36.33,-77.593,"Rural (< 5,000)",257,1,37.45,0.062,16.0,47012,11,2.34,2.14,Yes,0.251552795031056,11826,Yes,Yes,0.000000
Dollar General,Delco,Columbus,NC,34.314,-78.215,"Rural (< 5,000)",117,1,38.46,0.0,0.0,47923,17,3.55,3.35,Yes,0.187926465371534,9006,Yes,Yes,0.000000
Dollar General,Trenton,Jones,NC,35.067,-77.366,"Rural (< 5,000)",186,1,39.68,0.151,28.0,9131,3,3.29,2.24,Yes,0.212682072062206,1942,Yes,Yes,0.000000
Dollar General,Vass,Moore,NC,35.234,-79.312,"Rural (< 5,000)",1092,3,39.79,0.075,82.0,101170,15,1.48,1.2,Yes,0.0996046258772363,10077,Yes,Yes,0.000000
Dollar General,Vass,Moore,NC,35.2,-79.166,"Rural (< 5,000)",1092,3,39.79,0.075,82.0,101170,15,1.48,1.2,Yes,0.0996046258772363,10077,Yes,Yes,0.000000
Dollar General,Vass,Moore,NC,35.24,-79.301,"Rural (< 5,000)",1092,3,39.79,0.075,82.0,101170,15,1.48,1.2,Yes,0.0996046258772363,10077,Yes,Yes,0.000000
Dollar General,Crumpler,Ashe,NC,36.468,-81.397,"Rural (< 5,000)",250,1,40.0,,,26504,5,1.89,1.52,Yes,0.140507093268941,3724,Yes,Yes,
Dollar General,Merry Hill,Bertie,NC,36.034,-76.783,"Rural (< 5,000)",250,1,40.0,,,15931,4,2.51,1.91,Yes,0.197853242106585,3152,Yes,Yes,
Dollar General,Powellsville,Bertie,NC,36.229,-76.938,"Rural (< 5,000)",141,1,40.0,0.021,3.0,15931,4,2.51,1.9,Yes,0.197853242106585,3152,Yes,Yes,0.000000
Dollar General,Marble,Cherokee,NC,35.173,-83.925,"Rural (< 5,000)",377,1,40.0,0.066,25.0,28841,7,2.43,2.11,Yes,0.146250130023231,4218,Yes,Yes,0.000000
Dollar General,Hallsboro,Columbus,NC,34.322,-78.595,"Rural (< 5,000)",145,1,40.0,0.117,17.0,47923,17,3.55,3.35,Yes,0.187926465371534,9006,Yes,Yes,0.000000
Dollar General,Longwood,Columbus,NC,34.003,-78.542,"Rural (< 5,000)",250,1,40.0,,,47923,17,3.55,3.36,Yes,0.187926465371534,9006,Yes,Yes,
Dollar General,Sims,Wilson,NC,35.76,-78.056,"Rural (< 5,000)",366,1,40.0,0.093,34.0,77254,12,1.55,1.43,Yes,0.210034431874078,16226,Yes,Yes,0.000000
Dollar General,Bakersville,Mitchell,NC,36.104,-82.195,"Rural (< 5,000)",718,2,43.76,0.177,127.0,14580,4,2.74,1.44,Yes,0.129561042524006,1889,Yes,Yes,0.000000
Dollar General,Bakersville,Mitchell,NC,36.011,-82.153,"Rural (< 5,000)",718,2,43.76,0.177,127.0,14580,4,2.74,1.44,Yes,0.129561042524006,1889,Yes,Yes,0.000000
Dollar General,Cerro Gordo,Columbus,NC,34.329,-78.927,"Rural (< 5,000)",335,1,47.17,0.251,84.0,47923,17,3.55,3.36,Yes,0.187926465371534,9006,Yes,Yes,0.000000
Dollar General,Autryville,Sampson,NC,35.113,-78.625,"Rural (< 5,000)",170,1,49.26,0.147,25.0,57941,11,1.9,1.73,Yes,0.202395540290986,11727,Yes,Yes,0.000000
Dollar General,Ennice,Alleghany,NC,36.56,-80.943,"Rural (< 5,000)",200,1,50.0,,,10970,2,1.82,0.93,Yes,0.17383773928897,1907,Yes,Yes,
Dollar General,Glendale Springs,Ashe,NC,36.344,-81.37,"Rural (< 5,000)",200,1,50.0,,,26504,5,1.89,1.52,Yes,0.140507093268941,3724,Yes,Yes,
Dollar General,Warrensville,Ashe,NC,36.46,-81.518,"Rural (< 5,000)",200,1,50.0,,,26504,5,1.89,1.52,Yes,0.140507093268941,3724,Yes,Yes,
Dollar General,Prospect Hill,Caswell,NC,36.245,-79.19,"Rural (< 5,000)",200,1,50.0,,,21161,5,2.36,1.91,Yes,0.157128680119087,3325,Yes,Yes,
Dollar General,Tyner,Chowan,NC,36.226,-76.657,"Rural (< 5,000)",200,1,50.0,,,13584,5,3.68,2.99,Yes,0.205388692579505,2790,Yes,Yes,
Dollar General,Mill Spring,Polk,NC,35.297,-82.164,"Rural (< 5,000)",400,2,50.0,,,19354,6,3.1,2.11,Yes,0.136560917639764,2643,Yes,Yes,
Dollar General,Mill Spring,Polk,NC,35.397,-82.195,"Rural (< 5,000)",400,2,50.0,,,19354,6,3.1,2.11,Yes,0.136560917639764,2643,Yes,Yes,
Dollar General,Thurmond,Wilkes,NC,36.366,-80.95,"Rural (< 5,000)",200,1,50.0,,,64649,14,2.17,2.02,Yes,0.164318086900029,10623,Yes,Yes,
Dollar General,Eureka,Wayne,NC,35.54,-77.879,"Rural (< 5,000)",203,1,51.28,0.059,12.0,114923,20,1.74,1.66,Yes,0.169121933816555,19436,Yes,Yes,0.000000
Dollar General,Vale,Lincoln,NC,35.51,-81.46,"Rural (< 5,000)",550,3,54.55,,,89512,12,1.34,1.01,Yes,0.0904571454106712,8097,Yes,Yes,
Dollar General,Vale,Lincoln,NC,35.565,-81.481,"Rural (< 5,000)",550,3,54.55,,,89512,12,1.34,1.01,Yes,0.0904571454106712,8097,Yes,Yes,
Dollar General,Vale,Lincoln,NC,35.488,-81.391,"Rural (< 5,000)",550,3,54.55,,,89512,12,1.34,1.01,Yes,0.0904571454106712,8097,Yes,Yes,
Dollar General,Shiloh,Camden,NC,36.273,-76.088,"Rural (< 5,000)",180,1,55.56,,,10693,3,2.81,1.9,Yes,0.0502197699429533,537,Yes,Yes,
Dollar General,Scaly Mountain,Macon,NC,35.022,-83.304,"Rural (< 5,000)",180,1,55.56,,,37071,8,2.16,1.9,Yes,0.143966982277252,5337,Yes,Yes,
Dollar General,Bostic,Rutherford,NC,35.446,-81.811,"Rural (< 5,000)",351,2,56.34,0.151,53.0,63623,16,2.51,2.21,Yes,0.175974097417601,11196,Yes,Yes,0.000000
Dollar General,Bostic,Rutherford,NC,35.333,-81.837,"Rural (< 5,000)",351,2,56.34,0.151,53.0,63623,16,2.51,2.21,Yes,0.175974097417601,11196,Yes,Yes,0.000000
Dollar General,Dudley,Wayne,NC,35.267,-78.042,"Rural (< 5,000)",2320,2,58.31,0.287,666.0,114923,20,1.74,1.6,Yes,0.169121933816555,19436,Yes,Yes,0.000000
Dollar General,Dudley,Wayne,NC,35.227,-77.987,"Rural (< 5,000)",2320,2,58.31,0.287,666.0,114923,20,1.74,1.6,Yes,0.169121933816555,19436,Yes,Yes,0.000000
Dollar General,Tuckasegee,Jackson,NC,35.271,-83.122,"Rural (< 5,000)",150,1,66.67,,,39227,6,1.53,1.28,Yes,0.193106788691463,7575,Yes,Yes,
Dollar General,Nebo,McDowell,NC,35.706,-81.939,"Rural (< 5,000)",1608,3,66.67,0.149,239.0,43337,11,2.54,1.92,Yes,0.139765096799502,6057,Yes,Yes,0.000000
Dollar General,Nebo,McDowell,NC,35.633,-81.885,"Rural (< 5,000)",1608,3,66.67,0.149,239.0,43337,11,2.54,1.92,Yes,0.139765096799502,6057,Yes,Yes,0.000000
Dollar General,Nebo,McDowell,NC,35.713,-81.929,"Rural (< 5,000)",1608,3,66.67,0.149,239.0,43337,11,2.54,1.92,Yes,0.139765096799502,6057,Yes,Yes,0.000000
Dollar General,Godwin,Cumberland,NC,35.158,-78.615,"Rural (< 5,000)",170,1,67.57,0.171,29.0,318188,28,0.88,0.85,Yes,0.172206368561982,54794,Yes,Yes,0.000000
Dollar General,Middleburg,Vance,NC,36.398,-78.326,"Rural (< 5,000)",179,1,68.97,0.486,87.0,41868,10,2.39,2.16,Yes,0.189548103563581,7936,Yes,Yes,0.000000
Dollar General,Seagrove,Randolph,NC,35.484,-79.687,"Rural (< 5,000)",346,2,74.63,0.043,15.0,143617,20,1.39,1.26,Yes,0.147649651503652,21205,Yes,Yes,0.000000
Dollar General,Seagrove,Randolph,NC,35.545,-79.781,"Rural (< 5,000)",346,2,74.63,0.043,15.0,143617,20,1.39,1.26,Yes,0.147649651503652,21205,Yes,Yes,0.000000
Dollar General,Lumber Bridge,Robeson,NC,34.87,-79.1,"Rural (< 5,000)",65,1,77.52,0.108,7.0,113440,28,2.47,2.38,Yes,0.28774682651622,32642,Yes,Yes,0.000000
Dollar General,Seven Springs,Wayne,NC,35.209,-77.892,"Rural (< 5,000)",6,1,90.91,0.0,0.0,114923,20,1.74,1.65,Yes,0.169121933816555,19436,Yes,Yes,0.000000
Dollar General,Hayesville,Clay,NC,35.036,-83.815,"Rural (< 5,000)",976,3,96.46,0.242,236.0,11252,3,2.67,0.0,Yes,0.13473160327053,1516,Yes,Yes,0.000000
Dollar General,Hayesville,Clay,NC,35.032,-83.84,"Rural (< 5,000)",976,3,96.46,0.242,236.0,11252,3,2.67,0.0,Yes,0.13473160327053,1516,Yes,Yes,0.000000
Dollar General,Hayesville,Clay,NC,35.032,-83.855,"Rural (< 5,000)",976,3,96.46,0.242,236.0,11252,3,2.67,0.0,Yes,0.13473160327053,1516,Yes,Yes,0.000000
Dollar General,Rennert,Robeson,NC,34.814,-79.077,"Rural (< 5,000)",264,1,100.0,0.314,83.0,113440,28,2.47,2.39,Yes,0.28774682651622,32642,Yes,Yes,0.000000
Dollar General,Tar Heel,Bladen,NC,34.733,-78.79,"Rural (< 5,000)",72,1,103.09,0.097,7.0,29221,10,3.42,3.09,Yes,0.212415728414496,6207,Yes,Yes,0.000000
Dollar General,Norman,Richmond,NC,35.171,-79.723,"Rural (< 5,000)",138,1,125.0,0.377,52.0,41632,10,2.4,2.17,Yes,0.251681398923905,10478,Yes,Yes,0.000000
Dollar General,Orrum,Robeson,NC,34.463,-79.008,"Rural (< 5,000)",56,1,140.85,0.286,16.0,113440,28,2.47,2.38,Yes,0.28774682651622,32642,Yes,Yes,0.000000
Dollar General,Bolivia,Brunswick,NC,33.989,-78.207,"Rural (< 5,000)",221,3,176.47,0.059,13.0,144672,22,1.52,1.32,Yes,0.0937983853129839,13570,Yes,Yes,0.000000
Dollar General,Bolivia,Brunswick,NC,33.976,-78.13,"Rural (< 5,000)",221,3,176.47,0.059,13.0,144672,22,1.52,1.32,Yes,0.0937983853129839,13570,Yes,Yes,0.000000
Dollar General,Bolivia,Brunswick,NC,34.061,-78.154,"Rural (< 5,000)",221,3,176.47,0.059,13.0,144672,22,1.52,1.32,Yes,0.0937983853129839,13570,Yes,Yes,0.000000
